Acct,SerialNumber
001,MXL65215B9
001,MXL6521VDL
001,MXL6521BWW
001,MXL6521BY0
001,355767074901914
001,MXL6521Q95
001,355767074954673
001,MXL14217XL
001,MXL4461ZL1
001,MXL4460XJ7
001B,JRY5KM1
001B,DHJ7LN1
001B,DHK4LN1
001B,DHK5LN1
001B,DHM4LN1
001B,DHN5LN1
001B,MXL4460XDT
001B,MXL840183L
001B,68ZQ1R1
001B,68ZV1R1
001B,68ZW1R1
001B,690N1R1
001B,690P1R1
001B,690R1R1
001B,MXL0402G0M
001B,MXL14216NZ
001B,MXL14216QD
001B,MJADTFE
001B,MJAFGAT
001B,MJAFGME
001B,MJAFGNH
001B,MJAFGNM
001B,MJAFGVY
001B,MJAFGXE
001B,MJAHGMR
001B,MJAHGWN
001B,MJAHGXW
001B,MJAYRLV
001B,MJAYRMT
001B,MJAYRND
001B,MJAYRNZ
001B,MJAYRPG
001B,MJAYRTW
001B,MJAZEWP
001B,MJAZEWY
001B,MJAZEXC
001B,MJAZEXF
001B,MJAZEXN
001B,MJAZEZB
001B,MJAZEZK
001B,C01DMM1
001B,CC5YDQ1
001B,CC6YDQ1
001B,CC70FQ1
001B,CC90FQ1
001B,MXL0402G1C
001B,MXL041011J
001B,68ZT1R1
001B,2UA4421YGN
001B,MXL2412VRG
001B,MXL2412VRL
001B,MXL2412VRT
001B,MXL2412VS1
001B,MXL2412VSB
001B,MXL2412VSF
001B,MXL43914C9
001B,MXL5420GN9
001B,2406428887
001B,D9G78P1
001B,D9H08P1
001B,D9H18P1
001B,D9H28P1
001B,D9H48P1
001B,D9H88P1
001B,D9J38P1
001B,D9J48P1
001B,CC9YDQ1
001B,FDPQMM1
001B,355767075192851
001B,68ZS1R1
001B,2UA2440G82
001B,MXL04100YB
001B,GD56LN1
001B,GD57LN1
001B,GD65LN1
001B,GD66LN1
001B,GD67LN1
001B,MXL0190P2Y
001B,MXL0190P30
001B,5ZFT9P1
001B,MXL0412PYK
001B,MXL0412PYR
001B,MXL0412PYV
001B,MXL0412PYY
001B,MXL0412PZ2
001B,MXL0412PZ4
001B,MXL0412PZF
001B,MXL0412PZJ
001B,MXL0412PZK
001B,F20SMM1
001B,8MNBGX1
001B,8ND8GX1
001B,92LBGX1
001B,8NT8GX1
001B,8NW9GX1
001B,92YBGX1
001B,92R9GX1
001B,92JBGX1
001B,92JCGX1
001B,MXL4461QSJ
001B,MXL4461QSN
001B,MXL8430VJ0
001B,MXL8430VJ1
001B,MXL8430VJ2
001B,MXL8430VJ3
001B,MXL2412VRP
001B,MXL2412VRR
001B,MXL2412VRS
001B,MXL2412VS8
001B,MXL2412VSV
001B,MXL2422PDD
001B,MXL2422PDG
001B,MXL2422PDH
001B,MXL2422PDK
001B,MXL2422PDL
001B,MXL2422PDM
001B,MXL2422PDP
001B,MXL2422PDS
001B,MXL2422PDX
001B,MXL84308BB
001B,MXL137018N
002,MXL4393FSW
002,MXL4401HJ3
002,MXL4401HJ4
002,MXL4401HJ6
002,MXL4401HJ7
002,MXL845057X
002,MXL845058D
002,MXL845058Q
002,4TRQLN1
002,4TSRLN1
002,4TTNLN1
002,4TTPLN1
002,4TTRLN1
002,4TXPLN1
002,6GZKZD1
002A,7IKSA73936
002A,7IKSA74911
002A,7IKSA74988
002A,7IKSA74994
002A,71KSA72149
002A,71KSA73822
002A,71KSA73878
002A,71KSA73942
002A,6AKSB04366
002A,6AKSB04364
002C,MXL4392SR5
002C,MXL4392SR6
002C,MXL4392SR7
002C,MXL4460XDS
002C,MXL4460XDZ
002C,MXL4460XF7
002C,MXL4460XG0
002C,MXL4460XG3
002C,MXL4460XG7
002C,MXL4460XG9
002C,MXL4460XGZ
002C,MXL4460XHP
002C,MXL4460XHR
002C,MXL4460XHY
002C,MXL4460XJ9
002C,MXL4460XJC
002C,MXL4461ZJQ
002C,MXL4461ZJY
002C,MXL4461ZK5
002C,MXL4461ZL9
002C,MXL4461ZLP
002C,MXL4461ZLS
002C,MXL4461ZLX
002C,MXL4461ZM1
002C,MXL8450581
002C,MXL8450589
002C,MXL9470027
002C,MXL947002C
002C,MXL947002D
002C,MXL94705KP
002C,MXL94705KX
002C,MXL94705KY
002C,MXL94705L1
002C,MXL6513B4D
002C,MXL6513B4H
002C,MXL6521592
002C,MXL65215BN
002C,MXL65215CJ
002C,MXL65215CZ
002C,MXL6521Q92
002C,MXL6521Q9W
002C,MXL6521QB2
002C,MXL6521QCY
002C,MXL6521QD3
002C,MXL6521QDJ
002C,MXL6521QF8
002C,MXL6521QG1
002C,MXL6521VG9
002C,MXL6521VGR
002C,MXL6521VGV
002C,MXL6521VHR
002C,MXL6521VJ3
002C,MXL6521VJ9
002C,MXL6521VJB
002C,MXL6521VJC
002C,MXL6521VJJ
002C,MXL6521VJM
002C,MXL6521BWX
002C,MXL6521BX0
002C,MXL6521BXS
002C,MXL6521BYP
002C,MXL6521BYS
002C,MXL6521BZQ
002C,MXL6521BZR
002C,MXL6521BZS
002C,MXL6521V5H
002C,MXL6521V5K
002C,MXL6521V5S
002C,MXL6521V64
002C,MXL6521V67
002C,MXL6521V6D
002C,MXL6521V6Q
002C,MXL6521V6R
002C,MXL6521V6W
002C,2UA4421T67
002C,2UA4421T68
002C,2UA4421T6P
002C,2UA4421T6S
002C,2UA4421T7V
002C,MXL9421BXW
002C,MXL9421BYZ
002C,MXL9421BZM
002C,MXL9421BZY
002C,MXL24316VN
002C,MXL24316VS
002C,MXL24316WG
002C,MXL24316WH
002C,MXL24316WM
002C,MXL24316WT
002C,MXL24316X0
002C,MXL24316X6
002C,MXL24316XB
002C,MXL24316XK
002C,MXL24316XM
002C,MXL24316XW
002C,MXL24316Y9
002C,MXL24316YC
002C,MXL24316YJ
002C,MXL24316YL
002C,MXL24316YX
002C,MXL24316Z9
002C,MXL2431701
002C,MXL243170G
002C,MXL2431718
002C,MXL243171M
002C,MXL243171R
002C,MXL243171S
002C,MXL0402G0H
002C,MXL0402G1H
002C,MXL0402G1N
002C,MXL0402G1P
002C,MXL0402G1R
002C,MXL0402G1Z
002C,MXL0402G2Y
002C,MXL04100VP
002C,MXL04100VV
002C,MXL04100W0
002C,MXL04100WL
002C,MXL04100X3
002C,MXL04100Y8
002C,MXL04100YN
002C,MXL04100ZF
002C,MXL04100ZH
002C,MXL041010H
002C,MXL0410119
002C,MXL041011B
002C,MXL041012H
002C,MXL041012R
002C,MXL041012Z
002C,MXL041013P
002C,MXL14216S9
002C,MXL142181X
002C,MXL8430KJ2
002C,MXL8390YZV
002C,C26PTV1
002C,C26RTV1
002C,BTK5VV1
002C,MXL9470029
002C,MXL947002F
002C,MXL94705KN
002C,MXL94705KQ
002C,MXL94705KW
002C,MXL94705L0
002C,355417072112052
002C,355767074392486
002C,355767075105911
002C,355767075274865
002C,MXL94205YK
002C,MXL4393FSV
002C,MXL4393FSX
002C,MXL4393FSY
002C,MXL4393FSZ
002C,MXL4401HJ5
002C,MXL845058B
002C,MXL94705KR
002C,MXL94705KS
002C,MXL94705KV
002C,MXL94705L2
002C,MXL94705L6
002C,MXL94705L7
002C,MXL9411SQT
002C,MXL9411SS9
002C,MXL845058N
002C,MXL94705L5
002C,MXL4370KZM
002C,MXL4370KZN
002C,MXL4370KZP
002C,MXL4370KZQ
002C,MXL4370KZR
002C,MXL4370KZS
002C,MXL4370KZT
002C,MXL4370KZV
002C,MXL4370L05
002C,MXL4370L07
002C,MXL4370L08
002C,MXL4370L09
002C,MXL4370L0B
002C,MXL4370L0C
002C,MXL4370L0D
002C,MXL4370L0F
002C,MXL4370L0G
002C,MXL845057V
002C,MXL845057W
002C,MXL845057Y
002C,MXL8450586
002C,MXL8450588
002C,MXL845058G
002C,MXL845058H
002C,MXL845058J
002C,MXL845058M
002C,MXL8410XZJ
002C,MXL7400SVJ
002C,MXL7400SXS
002C,MXL7400SZK
002C,MXL7400T0P
002C,MXL7400T0Y
002C,MXL74014H6
002C,MXL74014HD
002C,MXL74014K5
002C,MXL74014KC
002C,MXL24316WY
002C,MXL24316X8
002C,MXL243171P
002C,MXL2431728
002C,MXL0402G0P
002C,MXL0402G0X
002C,MXL0402G2L
002C,5S1YCH1
002C,6S1YCH1
002C,BTJ7VV1
002C,BTJ8VV1
002C,2UA94405JB
002C,3JQTRD1
002C,8JQTRD1
002C,MXL4461QRY
002C,MXL4461QS1
002C,MXL4461QS4
002C,MXL4461QS6
002C,MXL4461QSB
002C,MXL4461QSC
002C,MXL4461QSL
002C,MXL4461QSY
002C,MXL4461QSZ
002C,MXL4461QT0
002C,MXL4461QT4
002C,MXL4461QT7
002C,MXL4461QTB
002C,MXL7400SWT
002C,MXL7400T2D
002C,MXL74014FC
002D,024850272853
002D,024878672853
002D,024964372853
002D,025021472853
002D,025040372853
002D,025058172853
002D,025080672853
002D,025104272853
002D,025116672853
002D,025140272853
002D,025322772853
002D,025337172853
002D,025362372853
002D,025397272853
002D,025650372853
002D,02589567253
002D,025928272853
002D,038738671453
002D,677P9K1
002D,4SZPLN1
002D,4SZQLN1
002D,4T0QLN1
002D,4T1PLN1
002D,4T5RLN1
002D,4T8RLN1
002D,4TBPLN1
002D,4TFRLN1
002D,4TGPLN1
002D,4THPLN1
002D,4THQLN1
002D,4TKQLN1
002D,4TQNLN1
002D,4V2QLN1
002D,4V2RLN1
002D,4V3PLN1
002D,4V3QLN1
002D,7IKSA73837
002D,7IKSA74968
002D,7IKSA75082
002D,7IKSA75209
002D,7IKSA75298
002D,7IKSA75326
002D,4T9PLN1
002D,4V0QLN1
002D,4V6PLN1
002D,4V6RLN1
002D,4T0PLN1
002D,4T0RLN1
002D,4T3QLN1
002D,4T3RLN1
002D,4T6PLN1
002D,4T6QLN1
002D,4T7PLN1
002D,4TFPLN1
002D,4TGQLN1
002D,4TJRLN1
002D,4TKPLN1
002D,4TNPLN1
002D,4TPRLN1
002D,4TRNLN1
002D,4TRPLN1
002D,4TRRLN1
002D,4TVPLN1
002D,4TVQLN1
002D,4TWNLN1
002D,4TWRLN1
002D,4TZNLN1
002D,4TZPLN1
002D,4V1PLN1
002D,4V1QLN1
002D,4V4PLN1
002D,4V5QLN1
002D,4V5RLN1
002D,4V6QLN1
002D,5RT7SK1
002D,MXL542161D
002D,MXL542161F
002D,MXL542161G
002D,MXL542161H
002D,MXL542161J
002D,MXL542161K
002D,MXL542161L
002D,MXL542161M
002D,MXL542161N
002D,MXL542161P
002D,MXL542161Q
002D,MXL542161R
002D,MXL542161T
002D,MXL542161V
002D,MXL542161W
002D,MXL542161X
002D,MXL542161Y
002D,MXL542161Z
002D,MXL5421620
002D,MXL5421621
002D,MXL5421622
002D,MXL5421623
002D,MXL5421624
002D,MXL5421625
002D,MXL5421626
002D,MXL5421627
002D,MXL5421628
002D,MXL5421629
002D,MXL542162B
002D,MXL542162C
002D,277PAK1
002D,4T1QLN1
002D,4T1RLN1
002D,4T6RLN1
002D,4T7RLN1
002D,4T9QLN1
002D,4T9RLN1
002D,4TFQLN1
002D,4TJPLN1
002D,4TLQLN1
002D,4TPPLN1
002D,4TPQLN1
002D,4TSNLN1
002D,4TTQLN1
002D,4TWQKN1
002L,MXL4460XJ2
002L,MXL2412VRK
002L,2CTSA76392
002L,2CTSA76395
002L,2CTSA76402
002L,2CTSA76412
002L,2CTSA76446
002L,2CTSA76451
002L,2CTSA76453
002L,2CTSA76462
002L,2CTSA76463
002L,2CTSA76470
002L,2CTSA76473
002L,2CTSA76474
002L,2CTSA76479
002L,2CTSA76480
002L,6AKYB97145
002L,6AKYB98161
002L,3FKYA27179
002L,MXL2412VRX
002L,MXL2412VSG
002L,MXL2412VSM
002L,2RXWLB1
002L,4T2QLN1
002L,4T8PLN1
002L,4TCPLN1
002L,4TPNLN1
002L,4TQPLN1
002L,MXL4461ZKY
002L,MXL4461ZM7
002L,MXL4461ZM8
002Q,MXL9470026
002Q,356201042276182
002Q,MXL94705KM
002Q,MXL8450584
002Q,MXL845058C
002Q,MXL9470028
002Q,MXL041011S
002Q,MJ02ZBUX
002Q,MJ02ZBVM
002Q,MJ02ZBVU
002Q,MJ02ZBVV
002Q,MJ02ZBWA
002Q,MJ02ZBX7
002Q,MJ02ZC1T
002Q,MJ02ZC1V
002Q,MJ02ZC1Y
002Q,MJ02ZC23
002Q,MJ02ZC25
003,MXL137018M
003,2UA4421T73
003,2UA4421T7Q
003,2UA2440G9J
003,MXL7470LH1
003,MXL0410136
003,MXL14216PC
003,MXL14216QH
003,MXL8390Z5D
003,4RRP0R1
003,MXL2422PDR
003,355423078034332
003,355424077683681
003,355432071625624
003,355767075043559
003,MXL03614QQ
003,MXL4461ZJN
004,MXL4460XJF
004,MXL6521BXM
004,2UA4422TM
004,MXL14216N1
004,Q4Y02085
004,2UA44220P2
004,2UA44220PD
004,2UA44222TM
004,G37VMH1
004,2UA4421YH0
004,MXL4460XH1
004,MXL4461ZM0
004,2UA4421YHD
004,2UA44222V2
005,MXL4460XF6
005,MXL041011Z
005,MXL840183R
005,MXL840183S
005,2UA4421T7J
005,2UA4421YG1
005,2UA24216Z0
005,MXL14217XP
005,MXL14217YG
005,MXL14217YK
005,355767074041448
005,355766073487743
005,2UA44222TD
005,2UA4421YHK
005,2UA4421T7N
006,MXL6521V5Y
006,2UA44220PG
006,MXL4461QRZ
007,2UA44222T4
007,2UA44222TY
007,2UA44222TZ
007,2UA44222V6
007,2UA44222V7
007,2UA44222VD
008,2309-400527
008,MXL4461ZL3
008,2309-400474
008,2309-400480
008,2309-400497
008,2309-400499
008,2309-400501
008,2309-400502
008,2309-400503
008,2309-400509
008,2309-400514
008,2309-400516
008,2309-400520
008,2011-212543
008,2011-212544
008,2011-212547
008,MXL243170X
008,2011-212552
008,2011-212553
008,2011-212554
008,2011-212557
008,2011-212560
008,2011-212564
008,CT443A01
008,HWY2441
008,2UA2440G9R
008,MXL24316XX
008,MXL24316YZ
008,MXL24316Z1
008,2UA2440G7D
008,MXL24316V6
008,MXL14216PT
008,MXL8390YXS
008,MXL6513B40
008,MXL652159Q
008,MXL65215B0
008,MXL65215B4
008,MXL65215BK
008,MXL65215C0
008,MXL6521VF8
008,MXL6521BZD
008,MXL6521V60
008,MXL94102QC
008,MXL94102X9
008,MXL83912MN
008,MXL14216PH
008,MXL243171X
008,MXL14216MT
008,MXL14216QJ
008,2UA4421YHR
008,MXL23014TF
009,MXL14216ML
009,MXL04100XX
009,MXL04100Y6
009,BVX1MD1
010,MXL6521QB3
010,2104-243290
010,2104-243300
010,2104-243323
010,2104-243328
010,2104-243336
010,2UA2431N3K
010,MXL14216QW
010,MXL14216P1
010,2UA4421YFZ
010,2UA44220PC
010,2UA44220PQ
010,2UA44222TQ
010,MXL2412VRF
010,2406-428890
010,MXL4461ZJL
010,MXL4461ZJZ
010,MXL4461ZKR
010,MXL4461ZLC
010,MXL4461ZM5
011,MXL65136XQ
011,MXL65136XR
011,MXL65136XS
011,MXL65136XT
011,MXL65136XV
011,2UA6372SV2
011,2UA6372SV3
011,2UA6372SV4
011,2UA6372SV5
011,2UA6372SV6
011,2UA6372SV7
011,2UA6372SV8
011,2UA6372SV9
011,2UA6372SVB
011,2UA6372SVC
011,2UA6372SVD
012,2UA24216YX
012,2UA2440GBN
012,MXL24316YS
012,MXL0401KC9
012,1XFG0R1
012,MXL2190TJR
012,1XH90R1
012,MXL1230ZB3
012,4V72BK1
012,1XF70R1
012,9JPX0R1
012,9V6PQJ1
012,GD4JDH1
012,7V72BK1
012,2UA9390407
012,LPLRFC2
012,442C282
012,442X182
012,442Y182
012,4436282
012,4437282
012,444X182
012,4456282
012,4459282
012,445B282
012,445C282
012,445D282
012,445W182
012,445X182
012,445Z182
012,4466282
012,2UA4421YGC
012,2UA4421YGQ
012,2UA4421YHB
015,MXL4392SR8
015,MXL6521Q8K
015,MXL6521Q90
015,MXL6521QBM
015,MXL6521VCZ
015,F26RMM1
015,2UA2440G7H
015,2UA4421YHS
015,2UA44222T0
015,2UA44222T1
015,2UA44222T3
015,2UA44220PS
015,HVC598CDCZ0048L
015,2UA44220P9
015,2UA44220P1
015,2UA44222TV
015,2UA44222V8
017,MXL6521VFB
017,LPLRFD8
017,MXL142181Y
017,MXL9421BXJ
017,LPLRCW2
017,MXL04100ZW
017,MXL14217XX
017,LPLFRA8
017,LPLRNX4
017,MXL8390YT2
017,MXL9421C02
017,13N5441
017,MXL0410117
017,FDLWC51
017,MXL9421BZB
017A,MXL4460XF8
017A,MXL4461ZL2
017A,MXL4461ZLV
017A,MXL6521Q8F
017A,MXL6521Q8Q
017A,MXL6521Q9S
017A,MXL6521VCW
017A,2406-428888
017A,2UA4421T6N
017A,2UA4421YG4
017A,2UA44220NY
018,MXL4460XHW
018,MXL4461ZMF
018,MXL652159R
018,MXL6521BY8
018,MXL94102PB
018,MXL94102PF
018,MXL9411SR5
018,MXL9411SRZ
018,MXL9421BZF
018,2UA4421T6V
018,2UA4421T7L
018,2UA2440G9F
018,2UA2440GB4
018,2UA2440GBV
018,2UA2440GCG
018,MXL24316WC
018,MXL24316ZG
018,MXL243171V
018,MXL2431723
018,MXL1402J9S
018,MXL1402JBQ
018,MXL0402G1L
018,MXL0402G1Y
018,MXL04100VZ
018,MXL04100W8
018,MXL04100X7
018,MXL04100ZB
018,MXL0410118
018,MXL041013K
018,MXL14216MG
018,MXL14216NJ
018,MXL14216NM
018,MXL14216NQ
018,MXL14216NR
018,MXL14216NX
018,MXL14216NY
018,MXL14216PF
018,MXL14216PJ
018,MXL14216Q1
018,MXL14216QB
018,MXL14216QV
018,MXL14216R0
018,MXL14216R4
018,MXL14216R7
018,MXL14216RD
018,MXL14216SB
018,MXL14217YZ
018,MXL14217ZL
018,MXL142180F
018,MXL142180Y
018,MXL8390Z18
018,MXL8390Z49
018,LPLRNW8
018,355413078274095
018,355430072009442
018,355767073827771
018,355767074721403
018,355767075244637
018,MXL94102W2
018,359684048936007
018,359684048944522
018,359684049102575
018,MXL8411B3J
018,MXL24317LD
018,MXL24317LF
018,MXL24317LH
018,MXL24317LM
018,MXL9050KN7
018,MXL9050KNG
018,MXL84308BH
018,MXL9050KMX
018,MXL4461QS0
018,MXL4461QS3
018,MXL4461QT6
018,MXL4461ZJT
018,MXL4461ZKW
018,MXL4461ZL5
018,MXL4461ZM4
018,2UA4421T76
018,2UA4421T7W
018,2UA4421YGF
018,2UA4421YGM
018,2UA4421YH8
018,2UA44220NL
018,2UA44220P0
018,2UA44222SY
018,2UA44222TR
018,2UA44222V5
018,MXL939014K
018,MXL9390167
018,MXL9390182
018,BB70WK1
018,HJ70WK1
019,D3XAU1BGVTC42
019,D3XAU1BGWQC42
019,D3XAU1BGXTC42
019,D3XAU1BGYQC42
019,D3XAU1BH0RC42
019,D3XAU1BH3VC42
019,D3XAU1BH4RC42
019,D3XAU1BH4SC42
019,D3XAU1BH5TC42
019,D3XAU1BH5VC42
019,D3XAU1BH6RC42
019,D3XAU1BH6TC42
019,D3XAU1BH7NC42
019,D3XAU1BH8RC42
019,MXL738240D
019,MXL738240F
019,MXL65215BV
019,MXL65215CQ
019,MXL24316V7
019,MXL24316WW
019,MXL24316XH
019,MXL24316ZB
019,MXL24316ZR
019,MXL04100ZZ
019,MXL041010B
019,MXL1421805
019,MXL0401KBD
019,MXL0401KBG
019,MXL0401KBM
019,MXL0401KBN
019,MXL0401KBP
019,MXL0401KBQ
019,MXL0401KBR
019,MXL0401KBV
019,MXL0401KBY
019,MXL0401KC0
019,MXL0401KC1
019,MXL0401KC4
019,MXL0401KC7
019,MXL0401KCC
019,MXL0412PYL
019,MXL0412PYN
019,MXL0412PYP
019,MXL0412PYQ
019,MXL0412PYS
019,MXL0412PYT
019,MXL0412PYW
019,MXL0412PYX
019,MXL0412PYZ
019,MXL0412PZ0
019,MXL0412PZ1
019,MXL0412PZ3
019,MXL0412PZ5
019,MXL0412PZ6
019,MXL0412PZ7
019,MXL0412PZ8
019,MXL0412PZ9
019,MXL0412PZB
019,MXL0412PZC
019,MXL0412PZD
019,MXL0412PZG
019,MXL0412PZH
021,3P4HWD2
021,8P4HDW2
021,CN4HWD2
021,357966048620166
021,359684048937385
021,359684049094780
021,MXL04100YJ
021,MXL14216Q5
021,MXL840183K
021,5R9VRD1
021,BBCXPD1
021,2UA7340M61
021,MXL1371NYT
021,MXL4461ZJP
021,9BCXPD1
021,3520262-0001
021,MXL1371NYW
021,MXL1371NYX
021,MXL6521V4C
021,MXL6513B3J
021,MXL6513B3Y
021,MXL6513B56
021,MXL6521QBC
021,MXL6521QC3
021,MXL6521QD2
021,MXL6521QD4
021,MXL6521V3Y
021,MXL6521BWZ
021,MXL6521BZ5
021,MXL6521V6F
021,2UA4421T6L
021,2UA44222T2
021,2UA2440G9S
021,MXL24316X4
021,MXL24316X5
021,MXL2431709
021,MXL243170T
021,MXL04100VN
021,MXL14216S1
021,MXL14216S7
021,MXL2400NTR
021,MXL2400NTS
021,2UA723141Z
021,2UA7231427
021,353309070983323
021,355413072080787
021,355432071747741
021,MXL4392J55
021,351503058908193
021,357966044974971
021,MXL4461QSG
021A,G1DGBY1
021A,SF9FV90HVHLJL
021A,SF9FV90KPHLJL
021A,SF9FV90KTHLJL
021A,SF9FV90LBHLJL
021A,SF9FV90LWHLJL
021A,SF9FV90N1HLJL
021A,SF9FV90NWHLJL
021A,SF9FV90UWHLJL
021A,SF9FV90WJHLJL
021A,SF9FV90WSHLJL
021A,SF9FV913UHLJL
021A,SF9FV914THLJL
021A,SF9FV9157HLJL
021A,SF9FV915QHLJL
021A,SF9FV9178HLJL
021A,SF9FV91AQHLJL
021A,SF9FV91BCHLJL
021A,SF9FV91CMHLJL
021A,SF9FV91HTHLJL
021A,SF9FV91MQHLJL
021A,SF9FV91P1HLJL
021A,SF9FV91P2HLJL
021A,SF9FV91P5HLJL
021A,SF9FV91R7HLJL
021A,SF9FV91TFHLJL
021A,SF9FV91TLHLJL
021A,SF9FV91VAHLJL
021A,SF9FV91WLHLJL
021A,SF9FV91XHHLJL
021A,SF9FV926JHLJL
021A,SF9FV92AQHLJL
021A,SF9FV92B6HLJL
021A,SF9FV92BJHLJL
021A,SF9FV92C7HLJL
021A,SF9FV92DFHLJL
021A,SF9FV92DSHLJL
021A,SGCGV54G2HLJL
021A,SGCGV8DH6HLJL
021A,SGCGV8DHPHLJL
021A,SGCGV8DKJHLJL
021A,SGCGV8DKWHLJL
021A,SGCGV8DLZHLJL
021A,SGCGV8DMGHLJL
021A,SGCGV8DNZHLJL
021A,SGCGV8DP9HLJL
021A,SGCGV8DQGHLJL
021A,SGCGV8DQNHLJL
021A,SGCGV8DQTHLJL
021A,SGCGV8DQWHLJL
021A,SGCGV8DSFHLJL
021A,SGCGV8DSQHLJL
021A,SGCGV8DTGHLJL
021A,SGCGV8DU2HLJL
021A,SGCGV8DUNHLJL
021A,SGCGV8DVBHLJL
021A,SGCGV8DVFHLJL
021A,SGCGV8DWFHLJL
021A,SGCGV8DWHHLJL
021A,SGCGV8DWWHLJL
021A,SGCGV8DWXHLJL
021A,SGCGV8DX7HLJL
021A,SGCGV8DXRHLJL
021A,SGCGV8DY3HLJL
021A,SGCGV8DY5HLJL
021A,SGCGV8DYFHLJL
021A,SGCGV8DYJHLJL
021A,SGCGV8E06HLJL
021A,SGCGV8E32HLJL
021A,SGCGV8E36HLJL
021A,SGCGV8E38HLJL
021A,SGCGV8E45HLJL
021A,SGCGV8E48HLJL
021A,SGCGV8E55HLJL
021A,SGCGV8E5AHLJL
021A,SGCGV8E5ZHLJL
021A,SGCGV8E7AHLJL
021A,SGCGV8E7PHLJL
021A,SGCGV8E7RHLJL
021A,SGCGV8E7XHLJL
021A,SGCGV8E82HLJL
021A,SGCGV8E87HLJL
021A,SGCGV8E8BHLJL
021A,SGCGV8E9BHLJL
021A,SGCGV8EAKHLJL
021A,SGCGV8EC8HLJL
021A,SGCGV8ECVHLJL
021A,SGCGV8EDAHLJL
021A,SGCGV8EE7HLJL
021A,SGCGV8EFDHLJL
021A,SGCGV8EFUHLJL
021A,SGCGV8EG5HLJL
021A,SGCGV8EGCHLJL
021A,SGCGV8EH8HLJL
021A,SGCGV8EHFHLJL
021A,SGCGV8EHRHLJL
021A,SGCGV8EJ5HLJL
021A,SGCGV8EK8HLJL
021A,SGCGV8ELMHLJL
021A,SGCGV8ELXHLJL
021A,SGCGV8EMGHLJL
021A,SGCGV8EMJHLJL
021A,SGCGV8EMMHLJL
021A,SGCGV8EMNHLJL
021A,SGCGV8EMSHLJL
021A,SGCGV8EMYHLJL
021A,SGCGV8EN4HLJL
021A,SGCGV8ENEHLJL
021A,SGCGV8ENNHLJL
021A,SGCGV8ENQHLJL
021A,SGCGV8EP2HLJL
021A,SGCGV8EP8HLJL
021A,SGCGV8EPGHLJL
021A,SGCGV8EQJHLJL
021A,SGCGV8EQZHLJL
021A,SGCGV8ESHHLJL
021A,SGCGV8ESLHLJL
021A,SGCGV8EU0HLJL
021A,SGCGV8EUEHLJL
021A,SGCGV8EUGHLJL
021A,SGCGV8EUSHLJL
021A,SGCGV8EV4HLJL
021A,SGCGV8EVCHLJL
021A,SGCGV8EW1HLJL
021A,SGCGV8EWRHLJL
021A,SGCGV8EWWHLJL
021A,SGCGV8EZ2HLJL
021A,SGCGV8F17HLJL
021A,SGCGV8F18HLJL
021A,SGCGV8F1FHLJL
021A,SGCGV8F1HHLJL
021A,SGCGVF2PLHLJL
021A,SGCGVH1Y9HLJL
021A,SGCGVH2STHLJL
021A,SGCGVH2W7HLJL
021A,SGCGVH3V7HLJL
021A,MXL14217X7
021A,MXL24316W5
021A,MXL8390YZD
021A,MXL8390YZF
021A,2UA7231422
021A,2UA7231424
021A,2UA7340M62
021A,2309-400535
021A,2210-365630
021A,2211-365842
021A,2211-365844
021A,2211-365845
021A,2211-365846
021A,2211-365847
021A,2211-365848
021A,2211-365849
021A,2211-365850
021A,2211-365851
021A,2211-365852
021A,2211-365853
021A,2211-365854
021A,2211-365855
021A,2211-365856
021A,2211-365857
021A,2211-365858
021A,2211-365860
021A,2211-365863
021A,2211-365864
021A,2211-365865
021A,2211-365866
021A,2211-365867
021A,2309-400467
021A,2309-400468
021A,2309-400469
021A,2309-400470
021A,2309-400471
021A,2309-400472
021A,2309-400473
021A,2309-400475
021A,2309-400476
021A,2309-400477
021A,2309-400478
021A,2309-400479
021A,2309-400481
021A,2309-400482
021A,2309-400483
021A,2309-400484
021A,2309-400485
021A,2309-400486
021A,2309-400487
021A,2309-400488
021A,2309-400490
021A,2309-400491
021A,2309-400492
021A,2309-400493
021A,2309-400494
021A,2309-400495
021A,2309-400496
021A,2309-400498
021A,2309-400506
021A,2309-400508
021A,2309-400510
021A,2309-400511
021A,2309-400512
021A,2309-400517
021A,2309-400519
021A,2309-400521
021A,2309-400522
021A,2309-400523
021A,2309-400524
021A,2309-400530
021A,2309-400531
021A,2309-400532
021A,2309-400533
021A,2309-400534
021A,MXL6520SLL
021A,MXL6521QB4
021A,MXL6521QB8
021A,MXL6521VFW
021A,MXL6521VJ1
021A,MXL6521VJ8
021A,MXL6521VJH
021A,MXL6521VJW
021A,MXL6521BYJ
021A,MXL6521BYL
021A,MXL6521BYW
021A,MXL6521V4X
021A,MXL6521V6G
021A,2UA4421T71
021A,2601-546620
021A,RH903F2307
021A,RH903F2310
021A,RH903F2311
021A,RH903F2324
021A,RH903F2325
021A,RH903F2326
021A,RH903F2327
021A,RH903F2331
021A,RH903F2332
021A,C02V6CGMHV22
021A,C02V6E7KHV22
021A,C02V6E8HHV22
021A,C02V6ES7HV22
021A,C02V6F4DHV22
021A,C02V6F78HV22
021A,C02V6F9RHV22
021A,C02V6HUMHV22
021A,C02V6HVDHV22
021A,C02V6HXSHV22
021A,C02V6HYPAV22
021A,C02V6HYTHV22
021A,2612-603372
021A,2612-604709
021A,2612-604710
021A,2612-604711
021A,2612-604712
021A,2612-604713
021A,2612-604714
021A,2612-604715
021A,2612-604716
021A,2612-604717
021A,2612-604718
021A,2612-604719
021A,2612-604720
021A,2612-604721
021A,2612-604722
021A,2612-604723
021A,2612-604724
021A,2612-604725
021A,2612-604726
021A,2612-604727
022,MXL6513B4J
022,MXL6513B4X
022,MXL6513B5D
022,MXL65215B1
022,MXL6521QCM
022,MXL6521QD0
022,MXL6521QFY
022,MXL6521V62
022,2UA2440G9T
022,MXL24316Y4
022,MXL24316ZW
022,MXL7480HQ4
022,MXL041010P
022,MXL14216MN
022,MXL14216NH
022,MXL14216PQ
022,MXL8390Z54
022,MXL8390Z6P
022,MXL94102Q0
022,MXL94102WJ
022,54VLSF1
022,MXL4460XJ0
023,MXL14216Q8
023,MXL14216R2
023,MXL14216RM
023,2UA2440G8Y
023,2UA2440G9X
023,2UA2440GB1
023,2UA2440GB3
023,2UA2440GB5
023,2UA2440GB8
023,2UA2440GBR
023,2UA2440GC0
023,2UA2440GC6
023,2UA2440GC8
023,2UA2440GCB
023,MXL04100VR
023,MXL04100Y1
023,MXL0410123
023,MXL041013G
023,MXL14216M5
023,MXL14216PW
023,MXL14217X1
023,MXL94102X3
023,MXL94102YX
023,MXL9410309
023,MXL9421BBC
023,MXL9421BXL
023,2UA2440GBD
023,MXL14216NF
023,MXL14216RN
023,MXL94102VY
023,MXL9410308
023,MXL9421BB2
023,MXL9421BBL
023,MXL14216P2
023,MXL0410121
023,MXL14216P3
023,MXL94102R5
023,MXL94102ZB
023,MXL14216MC
023,MXL94102YC
023,MXL9421BBX
023,MXL9421BCR
023,MXL94102PK
023,MXL94102VX
023,MXL94102W4
023,2UA4421YG8
023,2UA4421YGY
023,2UA4421YHG
023,2UA4421YHP
023,2UA44222V9
024,9849CGLCD127
024,64YZKK1
024,42YZKK1
024,G9L26M1
024,FHWQ8P1
024,2KWF6K1
024,C1YZKK1
024,G1YZKK1
024,F1YZKK1
024,24N82P1
024,32T8JL1
024,7ZT8JL1
024,CZT8JL1
024,HZT8JL1
024,1RH58V1
024,2ZT8JL1
024,FZT8JL1
024,HYT8JL1
024,1S318V1
024,22YZKK1
024,44YZKK1
024,9ZT8JL1
024,F3YZKK1
024,FHYN8P1
024,H3YZKK1
024,62YZKK1
024,32YZKK1
024,FNW8JL1
024,4NW8JL1
024,84YZKK1
024,1S718V1
024,1ZT8JL1
024,89L26M1
024,8ZT8JL1
024,B9L26M1
024,000825898
024,7GSX931
024,4D61F51
024,6321F51
024,FW51F51
024,H721F51
024,FFKWC51
024,1VVWD51
024,4FC2MD1
024,J203LF1
024,5KWF6K1
024,D2V8JL1
024,G2N82P1
024,G3YZKK1
024,2NW8JL1
024,72YZKK1
024,B3YZKK1
024,BNW8JL1
024,BTFZ6K1
024,BZT8JL1
024,D1YZKK1
024,FHZP8P1
024,H1YZKK1
024,J1YZKK1
024,49L26M1
024,88L26M1
024,98L26M1
024,C9L26M1
024,FHYR8P1
024,FHYS8P1
024,FHZR8P1
024,1RXX7V1
024,GTJWC51
024,10V8JL1
024,FHZN8P1
024,MXL7470L15
024,MXL7470L1V
024,MXL7470L24
024,2UA6410JKZ
024,59FNP81
024,7FGNP81
024,2GLWC51
024,MXL6521V3P
024,MXL6521V4H
024,MXL6521V3R
024,MXL6521V4Q
024,MXL6521BY3
024,MXL6521V40
024,MXL6521V42
024,MXL6521V5B
024,MXL6521V5C
024,MXL6521V5J
024,MXL6521V61
024,MXL6521V6C
024,MXL7470L2G
024,MXL7470L2K
024,MXL7470L9Q
024,MXL7470LDC
024,MXL7470LGP
024,MXL7470LHF
024,MXL7480HNB
024,MXL7480HNF
024,MXL7480HNM
024,MXL0402G07
024,MXL0402G0F
024,MXL0402G0V
024,MXL0402G10
024,MXL0402G1S
024,MXL0402G22
024,MXL0402G23
024,MXL0402G24
024,MXL0402G2K
024,MXL04100VQ
024,MXL04100VS
024,MXL04100W3
024,MXL04100W5
024,MXL04100X6
024,MXL04100XG
024,MXL04100XT
024,MXL04100XZ
024,MXL04100ZC
024,MXL04100ZX
024,MXL0410107
024,MXL041010J
024,MXL041010L
024,MXL041010Z
024,MXL0410115
024,MXL041012F
024,MXL041012K
024,MXL041012P
024,MXL8390HPF
024,MXL8390HPV
024,MXL8390L9Y
024,MXL8390LHS
024,MXL7480HN9
024,MXL7480HP0
024,MXL7480HR1
024,G403LF1
024,J403LF1
024,19L26M1
024,3Q71JQ1
024,59L26M1
024,F9L26M1
024,FHWS8P1
024,Q50JQ11
024,52V8JL1
024,MXL4461QSW
024,MXL4461ZK0
024,2UA4421T65
024,2UA4421T6F
024,2UA4421T6W
024,2UA4421T7F
024,2UA4421YG2
024,2UA4421YG7
024,2UA4421YHQ
024,2UA44222TG
025,MXL04100ZM
025,2UA1180B6Q
025,2UA1180B6T
025,2UA1180B6W
025,2UA2440G87
025,MXL4460XHD
025,MXL6520SL8
025,MXL6520SLJ
025,2UA4421T6Z
026,MXL6521Q98
026,MXL6521VD3
026,MXL6521VDH
026,MXL6521VDK
026,MXL6521VDT
026,MXL6521VF4
026,MXL6521VJT
026,MXL6521BXR
026,2406-428889
026,2101-231781
026,2101-231782
026,2101-231783
026,MXL14217XY
026,MXL14217YY
027,MXL4460XF2
027,MXL6521Q9Q
027,MXL6521QFD
027,MXL6521VFD
027,MXL6521V51
027,2UA44222TB
027,2310-401245
027,2310-401247
027,2310-401248
027,2310-401249
027,2310-401250
027,MXL0402G0R
027,MXL0402G17
027,MXL0402G19
027,MXL04100W9
027,MXL04100YT
027,MXL0410133
027,MXL14216ND
027,MXL14216PD
027,MXL14216PN
027,MXL14216PV
027,MXL14216S2
027,MXL4460XGR
029,025023272853
029,025122272853
029,Q4X02186
029,MXL4460XF9
029,MXL4460XFL
029,MXL4460XJD
029,MXL6521BZ9
029,357966048159025
029,2UA2440GBZ
029,MXL24316VJ
029,MXL24316ZN
029,MXL243171N
029,MXL041011G
029,MXL041012X
029,MXL8390YBX
029,2UA1340WFW
029,2UA135046B
029,2UA135046F
029,2UA135046G
029,MXL2412VS7
029,355767073911633
029,355767074993994
029,355767075034004
029,355767075044334
029,355767075099916
029,355767075293451
029,355767075296918
029A,MXL24316XN
029A,MXL24316XS
029A,MXL04100Y5
029A,2UA1340KT8
029A,2UA1351M19
029A,2UA1351M1B
029A,2UA1370GQB
029A,7NCSR51
029A,BG01231
029A,F9KWC51
029A,43N5441
029A,5KGHD1
029A,8BYL2C1
029A,DMGDHD1
029A,FMGDHD1
029A,MXL9411ST5
029A,2UA4421T7H
029A,MXL14217YW
029A,MXL8430KHK
029A,MXL8430KHL
029A,MXL2412VRN
029A,2UA6373MYW
029A,2UA6373MYY
029A,2UA6373MZ3
029A,2UA6373MZD
029A,2UA6373MZV
029A,2UA6382XPB
029A,2UA6382XPD
029A,2UA6382XPK
030,MXL7390XF7
030,MXL7390XF8
030,MXL7390XF9
030,MXL7390XFB
030,MXL7390XFC
030,MXL7390XFD
030,2UA0490TMQ
030,MXL9320RTW
030,MXL9320RTX
030,2UA0490TM8
030,2UA0490TMB
030,2UA0490TMF
030,2UA0490TMG
030,2UA0490TMH
030,2UA0490TMK
030,2UA0490TMN
030,2UA0490TN1
030,2UA0490TN3
030,2UA0490TMM
030,2UA0490TMS
030,2UA0490TMW
030,2UA0490TMY
030,2UA0490TMP
030,2UA0490TML
030,2UA0490TMZ
030,2UA0490TMD
030,2UA0490TMX
030,2UA0490TMT
030,C5WGNK1
030,2UA0490TN4
030,2UA0490TM9
030,2UA0490TMV
030,2UA0490TN0
030,2UA0490TN5
030,2UA0490TMC
030,2UA0490TMR
030,2UA0490TMJ
030,2UA0490TN2
030,16WGNK1
030,46WGNK1
030,55WGNK1
030,G5WGNK1
030,J5WGNK1
030,MXL1402JR2
030,MXL1402JR3
030,MXL1402JR4
030,MXL1402JR5
030,MXL1402JR6
030,MXL1402JR7
030,MXL1402JR8
030,MJBXFGX
030,MJBXFHD
030,MJBXFHL
030,MJBXFKH
030,FD102F1
030,MXL25102T7
030,MXL25102T8
030,MXL25102T9
030,MXL25102TB
030,MXL25102TC
030,MXL25102TD
030,MXL25102TF
030,MXL25102TG
030,MXL25102TH
030,MXL25102TJ
030,MXL25102TK
030,MXL25102TL
030,MXL25102TM
030,MXL25102TN
030,MXL25102TP
030,MXL25102TQ
030,MXL25102TR
030,MXL25102TS
030,MXL25102TT
030,MXL25102TV
030,MXL25102TW
030,MXL25102TX
030,MXL25102TY
030,MXL25102TZ
030,MXL25102V0
030,MXL25102V1
030,MXL25102V2
030,MXL25102V3
030,1S42364F4MJBWXYL
030,1S42364F4MJBWZDL
030,1S42364F4MJBWZFM
030,1S42364F4MJBWZVL
030,1S42364F4MJBWZWP
030,1S42364F4MJCHCHTAV
030,MXL5372182
030,MXL5372183
030,MXL5372184
030,MXL5372185
030,MXL5372186
030,MXL5372187
030,MXL5372188
030,MXL5372189
030,MXL537218D
030,MXL537218G
030,MXL537218H
030,MXL537218J
030,MXL537218L
030,MXL537218M
030,MXL537218N
031A,2512-539472
031A,2UA4421YGL
031A,2UA44220PM
031A,2UA44222T9
031A,2UA44222VB
031A,2309-400464
031A,2309-400465
031A,2309-400466
031A,D3XAU15JJX182
031A,MXL4460XF1
031A,MXL4461QT2
031A,2UA5402PJG
031A,2UA5402PJH
031A,2UA5402PJK
031A,2UA5402PJP
031A,2UA5402PJR
031A,2UA5402PJF
031A,2UA5402PJ8
031A,2UA5402PJ9
031A,2UA5402PJM
031A,2UA5402PJ7
031A,2UA5402PJD
031A,2UA5402PJQ
031A,2UA44222TN
031A,MXL4460XGK
031A,MXL4461ZMC
031A,2UA5402PJN
031A,D3XAU15JJB282
031A,D3XAU15JJC282
031A,D3XAU15JJW182
031A,MXL4461QRW
031A,MXL4460XGW
031A,2UA44220NX
031A,2UA5402PJL
031A,2UA5402PJB
031A,2UA5402PJJ
031A,MXL4460XGD
031A,2UA5402PJC
031A,MXL9410310
031A,MXL4461ZKN
032,358564072768743
032,358564073099205
032,0037093201
032,0037093202
032,MXL8390Z4Q
032,MXL8390Z5T
032,D8LWC51
032,LPLPTN7
032,DWNJSR1
032,DWQPSR1
032,MXL44627YL
032,MXL44627YM
032,MXL44627YN
033,2601-546617
033,2601-546618
033,2UA2440G8R
033,MXL24316VQ
033,MXL243170R
033,MXL04100ZQ
033,MXL041011Y
033,MXL0410134
033,MXL94102QN
033,2UA44220P6
033,2UA44220PR
033,MXL2412VRZ
034,RH904B0750
034,RH904B0751
034,RH904B0753
034,G43GZK1
034,75ALV
034,MXL4460XDK
034,MXL4460XF5
034,MXL4460XFC
034,MXL4460XFH
034,MXL4460XG5
034,MXL4460XG8
034,MXL4460XH2
034,MXL4460XH4
034,MXL4460XHG
034,MXL4460XHT
034,MXL4460XJ4
034,643GZK1
034,943GZK1
034,C43GZK1
034,H43GZK1
034,MXL6521V4M
034,MXL6513B3M
034,MXL6520SK8
034,MXL6520SKH
034,MXL6520SL0
034,MXL6520SL5
034,MXL6520SL6
034,MXL6520SLK
034,MXL6521594
034,MXL6521V4L
034,MXL6521V43
034,MXL6521V4Y
034,MXL6521V53
034,MXL6521V58
034,MXL6521V5G
034,MXL6521V6B
034,MXL6521V6V
034,MXL2341W98
034,MXL2341W99
034,MXL2341W9B
034,MXL2341W9C
034,MXL2341W9D
034,MXL2341W9F
034,MXL2341W9G
034,MXL2341W9H
034,MXL42322G9
034,MXL42322GB
034,MXL42322GC
034,MXL42322GD
034,MXL42322GF
034,MXL42322GG
034,MXL23811JK
034,MXL24316V4
034,MXL24316VC
034,MXL24316VD
034,MXL24316VM
034,MXL24316VT
034,MXL24316VX
034,MXL24316VZ
034,MXL24316WD
034,MXL24316WZ
034,MXL24316X2
034,MXL24316XG
034,MXL24316XY
034,MXL24316Y8
034,MXL24316YH
034,MXL24316ZH
034,MXL2431700
034,MXL2431706
034,MXL2431707
034,MXL243170M
034,MXL243171B
034,MXL243171Z
034,MXL04100YX
034,MXL0410105
034,MXL041011W
034,MXL2412VRH
034,MXL23811JJ
034,MXL23811JL
034,0032393333
034,355430072092497
034,355767074483608
034,355767074940854
034,MXL2282ZGD
034,MXL2282ZGF
034,7LH27W1
034,7WW28V1
034,7X0Y7V1
034,7X1X7V1
034,6JTYA15659
034,6KTYA22792
034,81KSC37131
034,81KSC37160
034,R9939B0435
034,R9939B0442
034,R9939B0445
034,R9939B0449
034,R9939B0464
034,R9939B0465
034,I6A36M0113
034,I6A36M0127
034,MXL4461QT9
034,MXL4461ZJS
034,MXL4461ZKD
034,MXL4461ZKJ
034,MXL4461ZKM
034,MXL4461ZKX
034,MXL4461ZL7
034,MXL4461ZLR
034,MXL4461ZLW
034,MXL4461ZMH
034,MXL4461ZMJ
034,2UA0050FR0
034,2UA0050FRN
034,2UA0050FRV
034,2UA0050FSC
034,2UA0050FSD
034,9DKWC51
034,3CYUA8976
035,355767073901162
035,355767074579736
035,355767074696795
035,355767075010426
035,355767075070776
035,355767075077623
035,355767075199955
036,MXL4460XDP
036,MXL4460XGQ
036,MXL4460XHC
036,MXL4460XJL
036,2012-226585
036,RGB3952132
036,RGB3952162
036,RGB3952167
036,RGB3952168
036,RGB3952171
036,RGB3952175
036,RGB3952177
036,RGB3952201
036,RGB3952221
036,RGB3952223
036,RGB3952224
036,RGB3952230
036,RGB3952236
036,RGB3952244
036,RGB3952253
036,RGB3952254
036,RGB3952255
036,RGB3952256
036,RGB3952270
036,RGB3952281
036,MXL24316V5
036,MXL24316V8
036,MXL24316VV
036,MXL24316WQ
036,MXL24316WR
036,MXL24316XF
036,MXL24316XJ
036,MXL24316XL
036,MXL24316XP
036,MXL24316XZ
036,MXL24316Y1
036,MXL24316Y2
036,MXL24316Y7
036,MXL24316YG
036,MXL24316YN
036,MXL24316YP
036,MXL24316YQ
036,MXL24316Z4
036,MXL24316ZM
036,MXL2431705
036,MXL243170B
036,MXL243171G
036,MXL7470LJQ
036,MXL2201D54
036,MXL2201D55
036,MXL2201D56
036,MXL2201D57
036,MXL2201D58
036,MXL2201D59
036,MXL2201D5B
036,MXL2201D5C
036,MXL2201D5D
036,MXL2201D5F
036,MXL04100WY
036,MXL041010Q
036,MXL041011V
036,MXL041012Y
036,MXL0410131
036,2UA92018TR
036,2UA92918TH
036,2UA92918TJ
036,2UA92918TM
036,2UA92918TP
036,2UA92918TQ
036,2UA9420RQ6
036,2UA9420RQ7
036,2UA9420RQ8
036,2UA9420RQ9
036,2UA9420RQB
036,2UA9420RQC
036,2UA9420RQD
036,2UA24101D4
036,2UA24101D5
036,2UA24101D6
036,2UA24101D8
036,2UA24101D9
036,2UA24101DC
036,2UA24101DD
036,2UA24101DF
036,2UA24101DG
036,2UA24101DH
036,2UA24101DJ
036,2IKSA73245
036,2IKSA73276
036,2IKSA73289
036,2IKSA73655
036,2IKSA73669
036,2UA04216G7
036,2UA04216G8
036,2UA04216G9
036,355763073282596
036,355767074395273
036,355767074452298
036,355767074721510
036,MXL94205YL
036,2IKSA73281
036,2UA24101CW
036,2UA24101CZ
036,2UA24101D1
036,MXL94102Y4
036,MXL94102Z1
036,2UA24101CR
036,2UA24101CT
036,2UA24101CV
036,2UA24101CX
036,2UA24101CY
036,2IKSA73654
036,2IKSA74100
036,2UA24101D0
036,2UA24101D2
036,2UA04216G5
036,2UA04216G6
036,2UA04216GB
036,C08PP81
036,2UA21501XH
036,2UA2210BGD
036,2UA2210BGF
036,2UA2210BGG
036,2UA04305FT
036,2UA04305FV
036,2UA04305FW
036,0030021172
036,0031587980
036,0031815905
036,2UA24101D3
036,MXL94102XJ
036,MXL6491JQP
036,MXL6491JQQ
036,MXL6491JQR
036,MXL6491JQS
036,MXL6491JQT
036,MXL6491JQV
036,MXL6491JQW
036,MXL6491JQX
036,MXL6491JQY
036,MXL6491JQZ
036,MXL6491JR0
036,MXL6491JR1
036,MXL6491JR2
036,MXL6491JR3
036,MXL6491JR4
036,MXL6491JR5
036,MXL6491JR6
036,MXL6491JR7
036,MXL6491JR8
036,MXL6491JR9
036,MXL6491JRB
036,MXL6491JRC
036,MXL6491JRD
036,MXL6491JRF
036,MXL6491JRG
036,MXL6491JRH
036,MXL6491JRJ
036,MXL6491JRK
036,MXL6491JRL
036,MXL6491JRM
036,MXL6491JRN
036,MXL6491JRP
036,MXL6491JRQ
036,MXL6491JRR
036,MXL6491JRS
036,MXL6491JRT
036,MXL6491JRV
036,MXL6491JRW
036,MXL6491JRX
036,MXL6491JRY
036,MXL6491JRZ
036,MXL6491JS0
036,MXL6491JS1
036,MXL6491JS2
036,MXL6491JS3
036,MXL6491JS4
036,MXL6491JS5
036,MXL6491JS6
036,MXL6491JS7
036,MXL6491JS8
036,MXL6491JS9
036,MXL6491JSB
036,MXL6491JSC
036,MXL6491JSD
036,MXL6491JSF
036,MXL6491JSG
036,MXL6491JSH
036,MXL6491JSJ
036,MXL6491JSK
036,MXL6491JSL
036,MXL6491JSM
036,MXL6491JSN
036,MXL6491JSP
036,MXL6491JSQ
036,MXL6491JSR
036,MXL6491JSS
036,MXL6491JST
036,MXL6491JSV
036,MXL6491JSW
036,MXL6491JSX
036,3T6P8B1
036,MG97979
036,MG98002
036,MG98008
036,MG98010
036,MG98011
036,MG98012
036,MG98015
036,MG98047
036,MXL4461ZJX
036,MXL4461ZKF
036,MXL4461ZKV
036,MXL4461ZLJ
036,MXL4461ZLN
036,MXL4461ZMG
038,Q4Y00353
038,Q4Y00355
038,Q4Y00357
038,Q4Y00360
038,Q4Y00379
038,Q4Y00382
038,Q4Y00383
038,Q4Y00388
038,Q4Y00453
038,Q4Y00454
038,Q4Y00465
038,G313H2GSMH
038,4RWTNS1
038,4RXTNS1
038,MXL4460XFG
038,MXL4460XGG
038,MXL4460XJ1
038,143GZK1
038,443GZK1
038,D33GZK1
038,F33GZK1
038,G33GZK1
038,MXL6521VFP
038,MXL6521VFY
038,MXL6521VG3
038,MXL6521VGT
038,MXL6521VH0
038,MXL6521VHS
038,MXL6521BYD
038,MXL94102NB
038,MXL94102XP
038,MXL94102YJ
038,MXL941030Q
038,MXL9411SQF
038,MXL9411SSD
038,2UA4421T6T
038,2UA4421T6X
038,2UA4421T72
038,2UA4421T79
038,2UA4421T7K
038,2UA4421YFX
038,2UA4421YGT
038,2UA4421YHM
038,2UA44220PV
038,2UA44222T6
038,2UA44222TJ
038,2UA44222TX
038,4FTYA09906
038,4FTYA09932
038,4FTYA10136
038,4FTYA10217
038,357966048619440
038,GRHNJF1
038,MXL04100YV
038,MXL04100Z5
038,MXL04100ZY
038,MXL041011F
038,MXL041011L
038,MXL041012M
038,MXL041013B
038,4R8J0R1
038,4RHN0R1
038,4RHP0R1
038,4RHR0R1
038,4RHS0R1
038,MXL2412VRC
038,355427071894071
038,355432071621441
038,355432071913160
038,355767074825451
038,355767075043526
038,355767075273719
038,MXL94205YN
038,MXL94205YQ
038,MXL4392T3G
038,MXL4392T3H
038,MXL4392T3J
038,MXL4392T3K
038,MXL4392T3L
038,MXL4392T3M
038,MXL4392T3P
038,MXL4392T3Q
038,MXL4392T3R
038,MXL90504M9
038,MXL90504MC
038,MXL90504MJ
038,FMKYMN1
038,MXL8390Z4M
038,MXL8390Z7B
038,MXL4392T3N
038,MXL5351L22
038,MXL5351L23
038,MXL5351L24
038,MXL5351L26
038,MXL5351L27
038,MXL5351L28
038,MXL5351L29
038,MXL5351L2B
038,MXL5351L2C
038,MXL5351L2D
038,MXL5351L2F
038,MXL5351L2G
038,MXL5351L2H
038,MXL5351L2J
038,MXL5351L2K
038,8304TK1
038,B304TK1
038,MXL8410Y09
038,MXL8410Y1S
038,DMPHQMWHDVGH
038,DYTHRALMDJ8V
038,C02K7445DRV6
038,MXL4460XGX
038,MXL4460XH3
039,2UA5351DV7
039,2UA5351DV4
039,2UA5351DVB
039,MXL25102PQ
039,2UA5351DV6
039,MXL25102QZ
039,2UA5351DVC
039,542603340000930
039,J000SWRL
039,MXL25102QH
039,4GKSA46224
039,2UA5351DTV
039,2UA5351DV2
039,2UA5351DTT
039,2UA5351DV3
039,MXL4460XFV
039,MXL537218B
039,MXL537218C
039,MXL537218F
039,MXL537218K
039,2UA5351DV0
039,2UA5351DV8
039,2UA5351DV9
039,MXL25102PP
039,MXL25102RP
039,2UA5351DTX
039,2UA5351DTZ
039,3L8P6K1
039,MXL25102PW
039,MXL25102R2
039,MXL25102R3
039,MXL25102RM
039,2UA5351DTW
039,2UA5351DTY
039,2UA5351DV1
039,2UA5351DV5
039,2UA5351DVD
039,MXL8430KHX
039,MXL25102QD
039,MXL25102QX
039,MXL25102R4
039,MXL25102RJ
039,MXL25102RK
039,2HRNNH1
039,B7RNNH1
039,C58GLH1
040,MJ05XYHF
040,MJ05XYHG
040,MJ05XYHH
040,MJ05XYHJ
040,MJ05XYHK
040,MJ05XYHL
040,MJ05XYHM
040,MJ05XYHN
040,MXL6521QBL
040,MXL6521QBR
040,MXL6521QCX
040,MXL6521VFS
040,MXL6521VGJ
040,MXL6521VGL
040,MXL6521VH7
040,MXL6521VHK
040,MXL6521VHM
040,MXL6521VHV
040,MXL6521VJK
040,MXL7141G8R
040,MXL7141G8S
040,MXL7141G8T
040,MXL7141G8V
040,MXL7141G8W
040,MXL24316VR
040,4RRM0R1
040,MXL0340L8B
040,MJKDLWR
040,MXL0340L7D
040,MXL0340L7V
040,2UA4421YGB
040,MXL041011X
040,MXL0402G2H
040,2UA2440G92
040,MJKDLXA
040,MJKDLXC
040,MXL0340L88
040,2UA4421T7G
040,2UA4421YH6
040,MJKDLWM
040,MJKDLWP
040,MJKDLWV
040,MJKDLXD
040,6IKYA65775
040,MJKDLWY
040,2UA44222T8
040,MXL04100ZP
040,3CKWC51
040,4QS0FH1
040,2UA2440GBP
040,2UA2440GC4
040,MJKDLWA
040,MJKDLWB
040,MJKDLWN
040,MJKDLWT
040,MJKDLWF
040,2UA2440G7F
040,2UA4421YGD
040,4RRL0R1
040,4RQQ0R1
040,MXL5310N2G
040,MXL5310N2J
040,MXL5310N2K
040,4RQH0R1
040,4RQL0R1
040,4RQM0R1
040,4RRK0R1
040,MXL4460XFP
040,MXL036122N
040,H9XRW52
040,2UA2440GBG
040,2UA2440GBL
040,MXL0340L7W
040,MXL0402G13
040,MXL14217Z0
040,2UA4421YGH
040,FKH56J1
040,MXL3381Q5J
040,MXL5310N2H
040,MXL3381Q5K
040,2UA2440G88
040,MXL24316YT
040,MXL0402G04
040,2UA2440G95
040,2UA2440G9G
040,MXL0340L6X
040,MXL0340L6Z
040,MXL0340L77
040,MXL0340L7T
040,2UA2440GCC
040,MXL036122J
040,2UA2440G7P
040,2UA2440GB7
040,MXL0340L7N
040,4RPS0R1
040,4RQP0R1
040,4RRJ0R1
040,MXL3381Q5L
040,MXL0340L76
040,MXL0340L81
040,MXL0402G0B
040,MXL0410104
040,4RQS0R1
040,MXL0340L7B
040,2UA2440GBQ
040,2UA2440GCD
040,2UA2440G9H
040,MXL0340L79
040,MXL0340L83
040,MJ05RF6A
040,MJ05RF6B
040,MJ05RF6C
040,MJ05RF6D
040,MJ05RF6E
040,MJ05RF6F
040,MJ05RF6G
040,MJ05RF6H
040,2UA34812J8
040,2UA34812JJ
040,2UA34812JL
040,2UA34812JW
040,2UA34812JG
040,2UA34812JP
040,2UA34812JY
040,2UA34812JK
040,2UA34812J9
040,MXL036122H
040,C56P3J1
040,2UA34812J5
040,2UA34812J6
040,2UA34812JS
040,2UA34812JZ
040,2UA34812JN
040,2UA34812J0
040,2UA34812J3
040,2UA34812JX
040,2UA34812JC
040,2UA34812JD
040,2UA34812JM
040,2UA34812J1
040,2UA34812J2
040,2UA34812J4
040,2UA34812J7
040,2UA34812JF
040,2UA34812JH
040,2UA34812JQ
040,2UA34812JR
040,2UA34812JT
040,2UA34812JV
040,MXL0340L70
040,MXL041010D
040,MXL041010Y
040,MXL036122C
040,2UA2440GBM
040,MJKDLWZ
040,MXL0340L80
040,MXL0340L89
040,MXL0402G0G
040,MXL041012D
040,2UA2440G9N
040,2UA2440GBJ
040,MXL0340L7F
040,MXL036122G
040,355427072082882
040,355767074041406
040,355767074988309
040,355767075261722
040,2UA34812JB
040A,RH704B0004
040A,RH704B0023
040A,RH704B0040
040A,RH704B0063
040A,RH704B0075
040A,RH704B0092
040A,RH704B0116
040A,RH704B0140
040A,RH704B0143
040A,RH704B0147
040A,RH704B0165
040A,RH704B0171
040A,RH704B0181
040A,RH804B0014
040A,RH804B0018
040A,RH804B0025
040A,RH804B0034
040A,MXL4461QRX
040A,4RVTNS1
040A,MXL4460XDX
040A,MXL4460XGN
040A,MXL4461ZJD
040A,4BQ46V1
040A,MXL6521Q8B
040A,MXL6521Q8S
040A,MXL6521Q9V
040A,MXL6521VCR
040A,MXL6521VCS
040A,MXL6521VCX
040A,MXL6521VD4
040A,MXL6521VD7
040A,MXL6521VDF
040A,MXL6521VDM
040A,MXL6521VDW
040A,MXL6521VF2
040A,MXL6521VF5
040A,MXL6521VH4
040A,MXL6521VHZ
040A,MXL6521VJF
040A,MXL6521V41
040A,MXL6430RZB
040A,MXL6430RZC
040A,MXL6430RZD
040A,MXL6430RZF
040A,MXL6430RZG
040A,MXL6430RZH
040A,MXL6430RZJ
040A,MXL6430RZK
040A,MXL6430RZL
040A,MXL2412VRM
040A,MXL2412VS4
040A,MXL2422PDN
040A,MXL2422PDQ
040A,MXL2422PDT
040A,358572072404508
040A,MXL90504MB
040A,MXL90504MK
040A,FMK0NN1
040A,2609-589706
040A,2611-595678
040A,2611-596909
040A,2611-596910
040A,2TJ7430P1Y
040A,2TJ7430P20
040A,2TJ7430P22
040A,2TJ7430P26
040A,2TJ7430P27
040A,2TJ7430P28
040A,2TJ7430P2B
040A,2TJ7430P2C
040A,2TJ7430P2F
040A,2TJ7430P2G
040A,2TJ7430P2H
040A,2TJ7430P2K
040A,2TJ7430P2M
040A,2TJ7430P2N
040A,2TJ7430P2Q
040A,2TJ7430P2S
040A,2TJ7430P30
040A,2TJ7430P32
040A,2TJ7430P33
040A,2TJ7430P37
040A,2TJ7430P39
040A,2TJ7430P3B
040A,2TJ7430P3D
040A,2TJ7430P3G
040A,2TJ7430P3J
040A,2TJ7430P3K
040A,2TJ7430P3M
040A,2TJ7430P3P
040A,2TJ7430P3Q
040A,2TJ7430P3S
040A,2TJ7430P3V
040A,2TJ7430P3W
040A,2TJ7430P53
040A,2TJ7430P59
040A,2TJ7430P5F
040A,MXL4460XFB
040A,MXL4460XFK
040A,MXL4460XFR
040A,MXL4460XFZ
040A,MXL4460XGT
040A,MXL4460XH6
040A,MXL4460XH9
040A,MXL4460XHQ
040A,MXL4460XHX
040A,MXL4461ZJC
040A,MXL4461ZJG
040A,MXL4461ZK2
040A,MXL4461ZK6
040A,MXL4461ZKL
040A,MXL4461ZKZ
040A,MXL4461ZL0
040A,MXL4461ZL6
040A,MXL4461ZLD
040A,MXL4461ZM3
040A,MXL4461ZM6
040A,MXL7350B5N
040A,MXL84002TN
040A,MXL84002X0
040A,MXL84002XY
040A,MXL8400304
040A,MXL840030X
040A,MXL8400328
040A,MXL7470KQY
040A,MXL7470KS3
040A,MXL7470KTK
040A,MXL804040X
040A,MXL9140CLG
040A,2UA81711VR
040A,MXL941147P
040A,MXL941147Q
040A,MXL941148K
040A,MXL9411497
040A,MXL94114BL
040A,MXL02412VM
040A,MXL02412VN
040A,MXL02412VQ
040A,MXL02412VR
040A,MXL02412W6
040A,MXL02412WF
040A,41V00R1
040A,41V30R1
040A,MXL840163T
040A,MXL8401642
040A,MXL8401676
040A,MXL8401678
040A,MXL840167C
040A,MXL840168T
040A,MXL0291H0V
040A,MXL0291H28
040A,MXL0291H29
040A,MXL0291H2B
040A,MXL0291H2C
040A,MXL93702S7
040A,MXL93702S8
040A,MXL93702S9
040A,MXL93702SD
040A,MXL93702SF
040A,MXL93702SG
040A,MXL93702SJ
040A,MXL93810PP
040A,MXL93810PT
040A,2007-176155
040A,2007-176665
040B,2UA63420Z7
040B,2UA63420Z8
040B,2UA63420Z9
040B,2UA63420ZB
040B,2UA63420ZC
040B,2UA63420ZF
040B,2UA63420ZD
040B,2UA63420ZG
040B,2UA63420ZH
040B,2UA6373GQJ
040B,2UA6373GQK
040B,2UA6373GQL
040B,2UA6373GQM
040B,2UA6373GQN
040B,2UA6373GQP
040B,2UA6373GQQ
040B,2UA6373GQR
040B,2UA6373GQS
040B,2UA6373GQT
040B,2UA6373GQV
040B,2UA6373GQW
040B,2UA6373GQX
040B,2UA6373GQY
040B,2UA6373GQZ
040B,2UA6373GR0
040B,2UA6373GR1
040B,2UA6373GR2
040B,2UA6373GR3
040B,2UA6373GR4
041,2UA135042S
041,MXL04100W6
041,MXL04100XJ
041,MXL04100YQ
041,MXL1421802
041,MXL8390YTP
041,MXL8390YYS
041,2UA135042Q
041,5KTYA70096
041,6KTYA2213R
041,MXL9411SSK
041,MXL9421BCP
041,MXL9421BXY
041,MXL9421BXZ
041,MXL9421BY0
041,MXL9421BY2
041,MXL9421BY6
041,MXL9421BZ7
041,MXL24316W9
041,MXL24316WX
041,MXL24316YF
041,MXL24316YW
041,MXL2431725
041,MXL04100VX
041,MXL04100XK
041,MXL04100XV
041,MXL04100YS
041,MXL0410109
041,MXL14217X4
041,MXL14217XD
041,MXL14217Y3
041,MXL14217YC
041,MXL14217YD
041,MXL14217Z7
041,MXL14217ZS
041,MXL1421820
042,CNCSR51
042,2UA0460VSQ
042,MXL7470LBW
042,2UA2440GBB
042,2UA7320MYV
042,2UA7320MZ2
042,2UA6391DZ7
042,2UA0460VSR
042,2UA135042T
042,2UA135042V
042,MXL0402G0N
042,MXL0402G1X
042,MXL04100YD
042,MXL0410139
042,MXL142180V
042,MXL142181D
042,MXL142181J
042,2UA135042R
042,MXL8390YRY
042,MXL8390YW7
042,MXL8390YZB
042,MXL8390Z0N
042,MXL8390Z58
042,MXL8390Z6M
042,MXL83912MF
042,B53R1R1
042,2UA13408L4
042,2UA1340KT9
042,2UA1340KTB
042,2UA1340KTC
042,2UA1340KV6
042,2UA1340KVC
042,2UA1340KVD
042,2UA1340L2F
042,2UA1340L2G
042,2UA1340LVC
042,2UA1340PPG
042,2UA1340PPH
042,2UA1340PPJ
042,2UA1340PPM
042,2UA1340PPN
042,2UA1340PPP
042,2UA1340PPQ
042,2UA1340PPR
042,2UA1340PRG
042,2UA1340WHF
042,MXL1370191
042,MXL6521QBK
042,MXL24316YM
042,MXL243170F
042,MXL2412VSC
042,MXL2412VSR
042,MXL6253Z4S
042,MXL6373WY6
042,MXL6373YSB
042,MXL6373YSC
042,2UA6382XPH
042,2UA6341NX8
042,2UA6341NX9
042,2UA6341NXB
042,2UA6341NXC
042,2UA6341NXF
042,2UA6341NXG
042,2UA6341NXH
042,2UA6341NXJ
042,2UA6341NXK
042,2UA6341NXL
042,2UA6341NXM
042,2UA6373MYS
042,2UA6373MYT
042,2UA6373MZ5
042,2UA6373MZ6
042,2UA6373MZF
042,2UA6373MZH
042,2UA6373MZP
042,2UA6373MZQ
042,2UA6373MZY
042,2UA6382PM8
042,2UA6382PM9
042,2UA6382XP3
042,2UA6382XP4
042,2UA6382XP5
042,2UA6382XP6
042,2UA6382XP7
042,2UA6382XP8
042,2UA6382XP9
042,2UA6382XPC
042,2UA6382XPF
042,2UA6382XPG
042,2UA6382XPJ
042,2UA6382XPL
043,MXL7470LFZ
043,MXL8390YZ8
043,MXL83912MM
043,MXL4460XF0
043,MXL4460XFW
043,MXL4460XGM
043,MXL4460XHH
043,MXL4460XJ6
043,MXL4460XJ8
043,MXL9411SSS
043,MXL7470LGL
043,2UA81402RG
043,2UA81402RH
043,2UA6373MZ4
044,MXL9411SST
044,MXL9411SQR
044,MXL9411SQX
044,2UA14309D1
044,2UA14309D2
044,MXL14217ZD
045,2UA00403WZ
045,2UA00403X0
045,2UA00403X1
045,MXL041010V
045,2UA1180B6R
045,2UA1180B6S
045,F54ZX51
045,MXL1210VJP
045,MXL1210VJY
045,MXL13609RP
045,MXL8390Z0K
045,MXL65215BW
045,MXL6521Q9K
045,MXL6521QDT
045,MXL6521VFF
045,MXL6521VFQ
045,MXL6521VG5
045,MXL243170W
045,MXL2431717
045,MXL0402G31
045,MXL14216QT
045,MXL14217X3
045,2UA13408LS
045,2UA13408LT
045,2UA13408LW
045,2UA13408LX
045,355766073645472
045,355767073959095
045,355767074435475
045,355767074687802
045,56RFQF1
045,MXL7480HND
045,D3DMD388ZTBY1
045,D3DMD388ZVBY1
045,D3DMD3890VBY1
045,D3DMD3890WBY1
045,D3DMD3891TBY1
045,D3DMD3891WBY1
045,D3DMD3892TBY1
045,D3DMD3892VBY1
045,MXL2242PSR
045,MXL2242PS8
045,MXL4461QRS
046,MXL7350SDC
046,MXL7350SDD
046,MXL8390YR2
046,MXL8390YR5
046,MXL8390YRQ
046,MXL8390YSH
046,MXL8390YSV
046,MXL8390YT4
046,MXL8390YVW
046,MXL8390Z83
046,MXL6513B3V
046,MXL6513B3Z
046,MXL6513B4Q
046,MXL6521Q8X
046,MXL6521V4G
046,MXL6521BXW
046,MXL6521BZ0
046,MXL6521BZ7
046,MXL6521BZB
046,MXL6521BZF
046,MXL6521C00
046,MXL9411SQ8
046,MXL9411SSX
046,MXL9421B9Y
046,MXL9421BBK
046,MXL9421BC3
046,MXL24316Z5
046,MXL041013J
046,MXL14216MQ
046,MXL14217ZC
046,MXL142181R
046,MXL1340Y91
046,MXL94102X8
046,MXL94102XH
046,MXL1340Y8Z
046,2UA6391DYW
046,MXL9421BY8
046,2UA6373MZC
046,2UA6373MZK
046,2UA6373MZM
046,2UA6373N01
046,2UA6373N06
047,MXL04100Y2
047,MXL041012S
047,MXL041013D
047,MXL8390Z04
047,MXL4461ZJK
047,MXL4461ZLB
049,MXL0380MM8
049,MXL0380MMC
049,MXL04100Z1
049,MXL04100X2
049,MXL6520SKB
049,MXL6520SKL
049,MXL6520SKZ
049,MXL6520SL7
049,MXL6520SLB
049,MXL6521Q89
049,MXL6521Q8J
049,MXL6521QBJ
049,MXL6521QBX
049,MXL6521QC4
049,MXL6521BZJ
049,MXL6521BZX
049,MXL04100ZS
049,MXL0410127
049,MXL9421BCM
049,DDKXDQ1
049,FDSPMM1
049,2UA2440G7Q
049,MXL94102ND
049,2UA2440G9Z
049,2UA2440GBS
049,MXL24316XD
049,MXL1402JB5
049,MXL0402G0T
049,MXL0402G29
049,MXL0402G2G
049,MXL0402G2P
049,MXL04100WB
049,MXL04100XC
049,MXL0410100
049,MXL0410129
049,MXL041012J
049,MXL041012W
049,MXL14216M8
049,MXL14216N3
049,MXL14216NV
049,MXL14216PK
049,MXL14216QL
049,MXL14217YP
049,MXL9421BCX
049,2UA24101D7
049,MXL0402G2R
049,MXL04100W7
049,MXL14216QQ
049,MXL0401KBH
049,1NYKLS1
049,1PMRLS1
049,8N2BGX1
049,8NFCGX1
049,92T9GX1
049,9309GX1
049,D26JLS1
049,H30GLS1
049,H34KLS1
049,MXL14216RJ
049,MXL4461QRV
049,MXL4461QS2
049,MXL4461QSS
049,MXL4461QT3
049,MXL4461QT8
049,2UA551275J
049,2UA551275K
049,2UA551275L
049,2UA551275M
049,2UA551275N
049,2UA551275P
049,2UA551275Q
049,2UA551275R
049,2UA0340KKH
050,4VZCQ41
050,MXL9400PLY
050,MXL9400PLZ
050,MXL9400PM0
050,MXL9400PM1
050,MXL24316WF
050,MXL8390YX0
050,MXL6521V46
050,MXL6521V49
050,MXL6521V59
050,MXL6521V6J
050,MXL6521V6L
050,MXL24316YR
050,MXL2431708
050,MXL243171K
050,MXL1421814
050,MXL8390Z1R
050,1DQQDP1
050,5XR6DP1
050,HCMCDP1
050,2UA2440G8K
050,2UA2440G9K
050,2UA2440GCQ
050,2UA4351SXL
050,2UA4371HMZ
050,CND61720DZ
050,CND74302MX
050,CND6171Y31
050,MXL93810Q5
050,MXL93810Q6
050,MXL93810Q7
050,MXL93810Q8
050,MXL9400PLX
050,355430071951289
050,2UA91715PV
050,JQNX391
050,MXL84509X2
050,MXL9470NZ8
050,MXL9470NZ9
050,MXL9470NZB
050,MXL9470NZC
050,MXL9470NZD
050,356201042283170
050,2UA44222TH
050,20S100417429
051,MXL94102X2
051,MXL94102Z3
051,MXL8390YY6
051,MXL8390Z09
051,MXL8390Z75
051,2UA0411K6M
051,2UA0411K6N
051,2UA0411K6P
051,MXL0341DCV
051,MXL0341DCW
051,MXL4460XH8
051,MXL6521Q96
051,MXL6521QCH
051,MXL6521VGB
051,MXL6521VHH
051,MXL6521VJL
051,MXL6521BXP
051,2UA2440GB6
051,MXL94102P7
051,355424077645565
051,MXL4461ZJH
051,2UA4421T6J
053,MXL6521QF9
053,JYQWFS1
053,MXL0381YPS
053,MXL0381YQ7
053,MXL0381YR0
053,MXL0381YRR
053,MXL0381YRT
053,2UA03501WS
053,2UA5151H29
053,2UA5151H2B
053,2UA5151H2C
053,2UA5151H2D
053,2UA5151H2F
053,2UA5151H2G
053,2UA5151H2H
053,2UA5151H2J
053,2UA5151H2K
053,2UA5151H2L
053,2UA5151H2M
053,2UA5151H2N
053,2UA5151H2P
053,MXL9410Y4K
053,MXL9410YHL
053,MXL9410YHQ
053,MXL840007W
053,MXL840009H
053,MXL3471FYC
053,F17RR3U9GRY9
053,F17RR42YGRY9
053,FFNS6N7SGRY9
053,FFNS6NNGGRY9
053,HVC598CD9X001LH
053,HVC598CD9X001QJ
053,HVC598CD9X001WB
053,HVC598CD9X0021V
053,HVC598CD9X0023X
053,HVC598CD9X005XZ
053,HVC598CD9X007QT
053,HVC598CD9X0095X
053,HVC598CD9X00A1F
053,HVC598CD9X00AHM
053,HVC598CD9X00BKE
053,HVC598CD9X00ETA
053,HVC598CD9X00EXB
053,HVC598CD9X00F0D
053,2UA42910BV
053,MXL5340RY8
053,MXL5340RY9
053,MXL5340RYB
053,MXL5340RYC
053,MXL5340RYD
053,MXL5340RYF
053,MXL5340RYG
053,MXL5340RYH
053,MXL5340RYJ
053,MXL5340RYK
053,MXL5340RYL
053,MXL5340RYM
053,MXL5340RYN
054,002141672853
054,002165772853
054,002895472853
054,00897472853
054,012455473153
054,012558773153
054,027410773153
054,029448173053
054,062664472753
054,063040172753
054,MXL6513B2T
054,MXL6513B37
054,MXL6513B3G
054,MXL6513B3P
054,MXL6513B48
054,MXL6513B4R
054,MXL6513B4Z
054,MXL6513B50
054,MXL6513B57
054,MXL6513B5B
054,MXL6513B5N
054,MXL6520SL9
054,MXL652159P
054,MXL652159T
054,MXL65215B6
054,MXL65215BJ
054,MXL65215BY
054,MXL65215CB
054,MXL65215D7
054,MXL6521QCL
054,MXL6521QD8
054,MXL6521QFK
054,MXL6521QGF
054,MXL94102YN
054,MXL9410313
054,MXL14217WZ
054,MXL14217XQ
054,MXL2412VS0
054,MXL2412VSW
054,MXL13408KJ
054,355767074796827
054,2UA140295P
054,2UA1402960
054,2UA1402969
054,MXL14216QP
054,MXL941030L
054,2UA9450NPG
054,MXL243170L
054,MXL0402G11
054,MXL0402G28
054,2UA9450NPK
054,63J5441
054,2UA44220PF
054,MXL4460XHB
054,MXL0410128
054,MXL14216MR
054,MXL142180P
054,MXL04100X8
054,MXL14216PX
054,MXL1421812
054,MXL0410106
054,MXL14217XK
054,MXL04100Z4
054,MXL14217YV
054,MXL14217ZJ
054,MXL4370KZ5
054,MXL8430KJ0
054,MXL8430KJ3
054,MXL8390YRL
054,MXL8390YV3
054,MXL9411SQW
054,MXL9421BZ5
054,MXL4370KZ7
054,MXL4370KZB
054,MXL4370KZ6
054,MXL4370KZ8
054,MXL8390YX5
054,MXL14217ZP
054,MXL9421BBD
054,9KKSA27162
054,9KKSA27207
054,MXL94102PW
054,2UA4421YGJ
054,358572072546829
055,MXL9411SQD
055,MXL9411SQ4
055,MXL9411SRN
055,MXL9411SRQ
055,MXL9411SRR
055,MXL9411SRS
055,MXL9411SRT
055,MXL9411SS0
055,MXL9411ST8
055,6TL9M91
056,011672461553
056,01167561553
056,03012761453
056,MXL6521VDG
056,MXL3361TG0
056,2UA2440G91
056,MXL24316W1
056,MXL24316Z0
056,MXL24316ZJ
056,MXL2431729
056,MXL142180Q
056,2UA13402KH
056,2UA13402KJ
056,2UA13402KK
056,2UA13402KL
056,R9939B0454
056,R9939B0460
056,R9939B0473
056,2279PL2
056,9279PL2
056,H279PL2
056,2UA5111QJ7
056,MXL24316ZC
056,MXL2431722
056,2208-352820
056,2208-352824
056,MXL4460XDM
056,2UA4421YH5
057,3FCHZD1
057,MXL6513B47
057,MXL6521Q9R
057,MXL6521QB0
057,MXL6521BY9
057,MXL6521BYX
057,MXL8390Z0H
057,MXL8390Z3C
057,MXL94102P3
057,MXL14217YS
057,2UA135046H
058,2UA6422K8S
058,2UA6422K8T
058,2UA6422K8V
058,2UA6422K8W
058,2UA6422K8X
058,2UA6422K8Y
058,2UA6422K8Z
058,2UA6422K90
058,2UA6422K91
058,2UA6422K92
058,C71XND1
058,MXL6521Q9F
058,MXL6521Q9J
058,MXL6521BWT
058,MXL14216PG
058,GFKWC51
058,6LGJBP1
058,355767075116181
058,358566044087623
058,MXL9460RX0
058,MXL9460RX1
058,MXL9460RX2
058,MXL9460RX3
058,MXL2412VRD
058,MXL2412VS9
058,MXL2422PDJ
058,MXL2422PDF
059,MXL6521Q9L
059,MXL6521VFC
059,2UA4421T62
059,2UA4421T6H
059,2UA4421T75
059,2UA4421T7P
059,2UA44220PJ
059,MXL142181Z
059,MXL4461ZKS
060,MXL6521VGY
060,LPLRFK1
060,MXL4461ZK4
061,MXL0380MM4
061,DHK6LN1
061,DHL5LN1
061,DHM6LN1
061,2UA9380XK5
061,MXL0402FZZ
061,MXL0402G06
061,MXL0402G0S
061,MXL0402G0Y
061,MXL0402G1B
061,MXL0402G2D
061,MXL04100VY
061,MXL04100WC
061,MXL04100WP
061,MXL04100WX
061,MXL04100X1
061,MXL04100X9
061,MXL04100XB
061,MXL04100XP
061,MXL04100YW
061,MXL04100YZ
061,MXL04100Z6
061,MXL04100ZJ
061,MXL041010K
061,MXL0410111
061,MXL0410113
061,MXL041011R
061,MXL041011T
061,MXL0410124
061,MXL0410130
061,MXL0410137
061,MXL041013C
061,2UA6392HRG
061,2UA6392HRH
061,2UA6392HRJ
061,2UA6392HRK
061,2UA6392HRL
061,2UA6392HRM
061,2UA6392HRN
061,2UA6392HRP
061,2UA6392HRQ
061,2UA6392HRR
061,2UA6392HRS
061,2UA6392HRT
061,2UA6392HRV
061,2UA6392HRW
061,2UA6392HRX
061,2UA6392HRY
061,2UA6392HRZ
061,2UA6392HS0
061,2UA6392HS1
061,2UA6392HS2
061,2UA6392HS3
061,2UA6392HS4
061,2UA6392HS5
061,2UA6392HS6
061,2UA6392HS7
061,2UA6392HS8
061,2UA6392HS9
061,2UA6392HSB
061,2UA6392HSC
061,2UA6392HSD
061,2UA6392HSF
061,2UA6392HSG
061,2UA6392HSH
061,2UA6392HSJ
061,2UA6392HSK
061,2UA6392HSL
061,2UA6392HSM
061,2UA6392HSN
061,2UA6392HSP
061,2UA6392HSQ
061,2UA6392HSR
061,2UA6392HSS
061,2UA6392HST
061,2UA6392HSV
061,2UA6392HSW
061,MXL50629XZ
061,MXL5062PY0
061,MXL5062PY9
061,MXL5062PYB
061,MXL5062PZ5
061,MXL5062PZM
061,MXL5062PZQ
061,355767075092630
061,355767075258587
061,355767075292255
061,MXL6112NW2
061,MXL6122NW1
061,MXL6122NW3
062,MXL6513B3B
062,MXL6513B3Q
062,MXL6513B4V
062,MXL65215BX
062,MXL6521QDB
062,MXL6521QDK
062,MXL6521BXD
062,MXL6521BXT
062,MXL94102YK
062,MXL0402G05
062,MXL0402G15
062,MXL0402G16
062,44N5441
062,49KWC51
063,MXL9410303
063,MXL1402J9K
063,MXL1402J9L
063,MXL1402J9P
063,MXL1402J9R
063,MXL1402J9T
063,MXL1402J9V
063,MXL1402J9Y
063,MXL1402JB1
063,MXL1402JB7
063,MXL1402JBF
063,MXL1402JBG
063,MXL1402JBH
063,MXL1402JBL
063,MXL1402JBP
063,MXL1402JBS
063,MXL1402JBT
063,MXL1402JBV
063,MXL1402JBZ
063,MXL1402JC1
063,MXL1402JC4
063,MXL1402JCF
063,MXL24908D3
063,MXL24908D4
063,MXL24908D5
063,MXL24908D6
063,MXL24908D7
063,MXL24908D8
063,MXL24908D9
063,MXL24908DB
063,MXL24908DC
063,MXL24908DD
063,MXL24908DF
063,MXL24908DG
063,MXL24908DH
063,MXL24908DJ
063,MXL24908DK
063,MGK7204
063,MGK7206
063,MGK7225
063,MGK8788
063,MGM3894
063,2UA4421YH2
063,2UA4421YH4
064,G0YG3M1
064,H2XG3M1
064,MXL24316W2
064,MXL2412VSK
064,J6QV0R1
064,J6RD0R1
064,J6RH0R1
064,J6RJ0R1
064,2UA2440GC5
064,MXL2431715
064,2UA6391DWM
064,MXL041010R
064,MXL041011N
064,MXL8390YRH
064,MXL8390YXY
064,MXL8390YXZ
064,MXL8390YYT
064,MXL8390Z2R
064,MXL8390Z34
064,MXL8390Z3K
064,MXL8390Z48
064,MXL8390Z4B
064,MXL8390Z5Q
064,MXL8390Z71
064,MXL9421BY5
064,B53S1R1
064,2UA1340KV5
064,2UA1370GQC
064,MXL3431BXS
064,MXL4460XDV
064,MXL4460XF3
064,MXL4460XF4
064,MXL4460XFS
064,MXL4460XHJ
064,9NCSR51
064,CK0SDH1
064,MXL6521Q9Y
064,MXL6521VFV
064,MXL6521BWV
064,MXL6521BX3
064,MXL6521BX8
064,MXL6521V69
064,MXL9411SR2
064,MXL9411SS2
064,MXL9411SSW
064,MXL9411ST7
064,MXL9421BX6
064,2UA4421YHL
064,MXL24316WB
064,MXL04100XL
064,MXL04100YH
064,MXL041011C
064,MXL14217XS
064,MXL14217Z4
064,MXL1421806
064,MXL1421807
064,MXL8430KHR
064,MXL8430KHS
064,MXL8390YRJ
064,MXL8390YRZ
064,MXL8390YS8
064,MXL8390Z21
064,2UA135046C
064,2UA135046D
064,MXL2412VRQ
064,MXL2412VSD
064,MXL2412VST
064,2UA6373MYX
064,2UA6373MYZ
064,2UA6373MZR
064,2UA6373MZX
064,2UA6373N00
064,2UA6373N03
064,2UA6373N04
064,2UA6373N05
064,2UA6373N07
064,2UA6373N09
064,2UA6373N0D
064,2UA6373N0H
065,MXL4460XG2
065,MXL4460XG4
065,MXL4460XGC
065,MXL4460XH5
065,MXL4460XH7
065,MXL4460XJB
065,MXL4461ZK9
065,MXL4461ZKG
065,MXL4461ZKT
065,MXL4461ZM2
065,MXL4461ZMB
065,MXL6513B39
065,MXL6513B45
065,MXL6513B4N
065,MXL65215BD
065,MXL65215CF
065,MXL6521Q8W
065,MXL6521Q99
065,MXL6521Q9Z
065,MXL6521QBS
065,MXL6521QBT
065,MXL6521QBZ
065,MXL6521QC6
065,MXL6521BX1
065,MXL6521BZT
065,MXL94102N8
065,MXL94102NT
065,MXL94102P4
065,MXL94102QQ
065,MXL94102QT
065,MXL94102QZ
065,MXL94102R2
065,MXL94102VN
065,MXL94102VQ
065,MXL94102VR
065,MXL94102VT
065,MXL94102VW
065,MXL94102W9
065,MXL94102WC
065,MXL94102Y9
065,MXL94102YV
065,MXL9411SQ3
065,MXL9411SR3
065,MXL9411SRG
065,MXL9411SRW
065,MXL9411SSN
065,MXL9411SSR
065,MXL9411SSY
065,MXL9411ST1
065,MXL9411ST3
065,2UA2440G83
065,2UA2440G8L
065,2UA2440G8M
065,2UA2440GB0
065,2UA2440GBF
065,MXL14217XH
065,MXL14217ZB
065,355767074945226
066,MXL6513B44
066,MXL6520SLH
066,MXL6521Q8N
066,MXL6521QB1
066,MXL6521QBG
066,MXL6521QCC
066,MXL6521QFM
066,MXL6521QG5
066,MXL6521VCT
066,MXL6521VD8
066,MXL6521VDR
066,MXL6521VDZ
066,MXL6521VF7
066,MXL6521VFG
066,MXL6521VFJ
066,MXL6521VFK
066,MXL6521VFT
066,MXL6521VG1
066,MXL6521VGK
066,MXL6521VH1
066,MXL6521VH6
066,MXL6521VHL
066,MXL6521VHP
066,MXL6521VHQ
066,MXL6521BX9
066,MXL6521BXF
066,MXL6521BZ1
066,MXL6521V44
066,MXL6521V4T
066,MXL6521V5W
066,MXL94102XV
066,MXL9410311
066,MXL3151CY7
066,MXL8390YWX
066,CDLWC51
066,49LWC51
067,MXL8390Z4C
067,2UA2440GBK
068,MXL6513B4C
068,MXL6521VDY
068,MXL6521VF0
068,MXL6521VFM
068,MXL6521VHC
068,MXL6521VJD
068,4CV1831
068,6DKWC51
068,8JKSB99464
068,MXL4461ZKK
068,MXL4492076
068,MXL4492077
069,MXL0380MM7
069,MXL0380MM2
069,2UA14309D3
069,MXL04100W1
069,MXL04100WD
069,MXL04100Y3
069,MXL041012V
069,MXL14216S3
069,MXL14217X2
069,MXL14217X8
069,MXL14217XG
069,MXL14217XR
069,MXL14217YQ
069,MXL14217Z6
069,MXL14217Z8
069,MXL14217ZT
069,MXL142180W
069,MXL142181K
069,MXL142181N
069,MXL1421825
069,MXL7220005
069,355767074724977
069,F5RFQF1
069,2UA1350447
069,MXL4460XGB
069,MXL4460XHS
069,MXL4461ZJJ
069,MXL4461ZK1
069,MXL1370190
069,0032173368
069,MXL4461QSK
069,MXL4461QSM
069,MXL4461QSV
069,MXL4461QT1
069,MXL4461QTC
070,LPLRFX4
070,MXL8390Z52
070,GBSX931
070,MXL844023B
070,MXL844023C
070,MXL844023D
070,MXL844023F
070,MXL6521V4R
070,MXL23515SW
070,MXL24316V9
070,MXL24316VL
070,MXL24316VW
070,MXL24316ZQ
070,MXL04100Y9
070,MXL14216R8
070,MXL8390YTJ
070,MXL240096P
070,LPLRRD4
070,355766073144864
070,355767074688313
070,355767074913265
070,355767075033360
070,MXL4461ZKP
070,12LJC31
070,MXL4461QSQ
070,MXL4461QSR
070,2UA44220PT
070A,2211-365868
070A,2309-400504
070A,2309-400507
070A,2309-400525
070A,2309-400529
070A,MXL243171T
070A,MXL4460XHL
070A,MXL4460XJK
070A,MXL24316Z8
070A,5Y51F51
070A,MXL9421C07
070A,28CXPD1
070A,MXL8390YZK
070A,MXL94102NP
070A,MXL94102QB
070A,MXL94102QL
070A,MXL94102R1
070A,MXL94102R6
070A,MXL94102R7
070A,MXL24316VF
070A,MXL24316X1
070A,MXL24316Z7
070A,MXL04100YF
070A,MXL8390YT7
070A,MXL8390YV0
070A,75CHD1S
070A,MXL4461QSD
070A,MXL4461QST
070A,2UA44220NQ
070A,2UA44220PH
070A,2UA44222SX
070A,2UA44222V0
070A,2UA44222VF
070B,498PP81
070B,MXL2431712
070B,MXL6513B38
070B,MXL6521BZ4
070B,MXL94102YP
070B,MXL94102Z7
070B,MXL23515SX
070B,MXL24316XV
070B,MXL24316YB
070B,MXL4461ZL4
070C,MXL04100XF
070C,MXL83912MV
070C,MXL4460XGL
070C,MXL4461QRR
070C,MXL4461ZK8
070C,MXL4461ZLT
070C,2UA4421YG3
070C,2UA4421YG6
070C,2UA44222V1
070C,2UA44222V3
071,4S7WK81
071,9CSX931
071,MXL7410NN8
071,MXL7410NN9
071,JX7WK81
071,MXL14216PR
071,MXL14216PS
071,MXL14217Z1
071,MXL14217Z2
071,MXL14217ZX
071,MXL142180K
071,2UA8390BP8
071,MXL8390YRN
071,MXL8390YSW
071,MXL8390YTF
071,MXL8390YVC
071,MXL8390YVH
071,MXL8390YWS
071,MXL8390Z6C
071,MXL9411SSF
071,MXL9421BB4
071,MXL9421BBF
071,MXL9421BC0
071,2UA1340PPS
071,MXL4460XFN
071,0028586290
071,0028586292
071,53FWC51
071,97LJC31
071,63N5441
071,D0Q2441
071,MXL2412VRV
071,1NPPLS1
071,1NRLLS1
071,1PFQLS1
071,H4HJLS1
071,MXL9421BB8
071,2UA6341NXD
071,2UA6373MZ0
071,2UA6373MZ1
071,2UA6373MZ7
071,2UA6373MZ8
071,2UA6373MZZ
072,MXL8390Z05
072,MXL94102NN
072,2UA4421T6B
072,2UA4421T77
072,2UA4421T78
072,2UA4421T7C
072,2UA4421T7S
072,2UA4421YGS
072,2UA4421YGZ
072,2UA44220PP
072,C37VMH1
072,2UA2416YY
072,MXL14216NP
072,MXL0401KBL
072,MXL0401KBT
072,MXL0401KBW
072,DRS0FH1
072,MXL94102PM
072,MXL9421BBN
073,MXL041013H
073,5KGDHD1
073,MXL8390Z6V
073,MXL9411SRV
073,MXL9411SS7
073,MXL9411SSM
073,MXL9411SSP
073,MXL9411SSV
073,MXL9411SSZ
073,MXL9421BCL
073,MXL243170D
073,MXL1421819
073,MXL4461ZLM
073,2UA4421T64
074,MXL4460XFM
074,MXL4460XFY
074,MXL4460XGF
074,MXL4460XGP
074,MXL4460XH0
074,MXL4460XHF
074,MXL4460XHN
074,MXL4460XJH
074,3XS1F51
074,MXL6513B3R
074,MXL6520SKJ
074,MXL6520SKR
074,MXL652159M
074,MXL6521Q9H
074,MXL6521QBP
074,MXL6521QBW
074,MXL6521QC7
074,MXL6521QC9
074,MXL6521QCS
074,MXL6521QCW
074,MXL6521QD5
074,MXL6521QDC
074,MXL6521QDL
074,MXL6521QDP
074,MXL6521QF3
074,MXL6521QFC
074,MXL6521QFJ
074,MXL6521VG0
074,MXL6521VGC
074,MXL6521VGG
074,MXL6521VGS
074,MXL6521VGX
074,MXL6521VHW
074,MXL6521VJ2
074,MXL6521VJ7
074,MXL6521VJQ
074,MXL6521BXB
074,MXL6521BXK
074,MXL6521BXY
074,MXL6521BY5
074,MXL6521BYC
074,MXL6521BYV
074,MXL6521BZ3
074,MXL6521V45
074,MXL6521V57
074,MXL6521V5M
074,MXL6521V65
074,357966048633219
074,MXL9411SR0
074,MXL9411SS8
074,MXL9411SQZ
074,2UA4421T6G
074,2UA4421T7D
074,2UA4421YFY
074,2UA4421YG0
074,2UA4421YG9
074,2UA4421YGP
074,2UA4421YGR
074,2UA4421YGV
074,2UA44220NM
074,2UA44220NR
074,2UA44220NT
074,2UA44220NV
074,2UA44220NW
074,2UA44220NZ
074,2UA44220P3
074,2UA44220P7
074,2UA44220P8
074,2UA44220PK
074,2UA44220PL
074,2UA44220PN
074,2UA44222TC
074,2UA44222TP
074,MXL8340XC4
074,351504053262693
074,2UA2440G7Y
074,2UA2440G8B
074,2UA2440G8T
074,2UA2440G8V
074,2UA2440G8Z
074,2UA2440G93
074,2UA2440G96
074,2UA2440G98
074,2UA2440G99
074,2UA2440G9Q
074,2UA2440G9V
074,2UA2440GC1
074,2UA2440GC7
074,2UA2440GCN
074,2UA2440GCP
074,MXL24316W3
074,MXL24316WK
074,MXL24316WL
074,MXL24316WP
074,MXL24316XQ
074,MXL24316ZT
074,MXL24316ZY
074,MXL243170H
074,MXL243170J
074,MXL243170Y
074,MXL243170Z
074,MXL2431721
074,MXL0402G2W
074,MXL14216M3
074,MXL14216M7
074,MXL14216MP
074,MXL14216MS
074,MXL14216MW
074,MXL14216MX
074,MXL14216MY
074,MXL14216N4
074,MXL14216N7
074,MXL14216N8
074,MXL14216N9
074,MXL14216NC
074,MXL14216NN
074,MXL14216P4
074,MXL14216P7
074,MXL14216PY
074,MXL14216QC
074,MXL14216QK
074,MXL14216R9
074,MXL14216RG
074,MXL14216RK
074,MXL14216RL
074,MXL14216RP
074,MXL14216RR
074,MXL14216RT
074,MXL14216RV
074,MXL14216RW
074,MXL14216RY
074,MXL14216S0
074,MXL14216S4
074,MXL14217XM
074,MXL14217XV
074,MXL1421800
074,MXL142180L
074,MXL142180M
074,MXL1421813
074,MXL142181W
074,MXL1421821
074,MXL03309BP
074,MXL03309BQ
074,MXL0330BBR
074,MXL9410ZQD
074,MXL94218ZG
074,MXL94218ZR
074,MXL942196Y
074,MXL8390Z7V
074,2UA1411WSK
074,D9G98P1
074,D9J08P1
074,D9J18P1
074,D9J28P1
074,3BTSA58144
074,353309070569924
074,355416072099244
074,355766073474584
074,355767074720199
074,355767074796017
074,355767074899746
074,355767075150826
074,355767075273602
074,MXL0421BBL
074,MXL0421BBM
074,MXL0421BBR
074,MXL0401KBK
074,MXL0401KC6
074,MXL0401KCB
074,MXL0401KCD
074,MXL9421BB0
074,2UA2440G7M
074,2UA33010RY
074,2UA3320YS8
074,2UA3410L36
074,2UA3410L38
074,2UA3410L3B
074,2UA34117NZ
074,2UA34117P0
074,2UA2440GC9
074,23R0351
074,7RPC9Z1
074,7RPG9Z1
074,7RQ89Z1
074,7RQB9Z1
074,7RR89Z1
074,G1CGBY1
074,G1DDBY1
074,G1DFBY1
074,G1GFBY1
074,G1GGBY1
074,G1HDBY1
074,G1HGBY1
074,G1JGBY1
074,G1KFBY1
074,G1KGBY1
074,MXL41804SC
074,MXL41804SD
074,MXL41804SF
074,MXL41804SG
074,MXL41804SH
074,MXL41804SJ
074,3XPG1C1
074,Q4902596
074,MXL4460XGH
074,MXL4460XGJ
074,MXL4460XGY
074,MXL4460XHV
074,MXL4460XHZ
074,MXL4461QSX
074,MXL4461ZJM
074,MXL4461ZLY
074,MXL4461ZM9
074,MXL4461ZMK
074,2UA4421YGX
074,2UA4421YHF
074,2UA44220NK
074,2UA44220NP
074,2UA44222T5
074,2UA44222TK
074,2UA44222TW
074,2UA44222V4
075,2UA4421YHH
075,MXL9411ST9
075,MXL9421BYX
075,MXL4461ZLH
076,MXL2412VS3
076,2UA1180B6V
076,FFLWC51
076,MXL1210VJS
076,MXL1210VK0
076,MXL1210VK1
076,MXL1210VK2
076,MXL6521V3X
076,MXL6521V3Z
076,MXL6521V4F
076,MXL6521V4K
076,MXL6521QFF
076,MXL6521V4B
076,MXL6521V4N
076,MXL6521V4S
076,MXL6521V55
076,MXL6521V5D
076,MXL6521V5L
076,MXL6521V5N
076,MXL6521V5R
076,MXL6521V5V
076,MXL6521V5X
076,MXL6521V6M
076,MXL94102Y2
076,MXL94102YS
076,MXL94102ZP
076,MXL94102ZT
076,MXL94102ZZ
076,MXL9421B97
076,MXL9421B9B
076,MXL9421B9M
076,MXL9421B9Q
076,MXL9421B9S
076,MXL9421B9X
076,MXL9421BBJ
076,MXL9421BBM
076,MXL9421BBZ
076,MXL9421BC4
076,MXL24316W6
076,MXL243171D
076,MXL2431727
076,MXL04100WF
076,MXL04100WG
076,MXL04100XH
076,MXL04100Z7
076,MXL0410101
076,MXL041010G
076,MXL041012Q
076,MXL14216N2
076,MXL14216PM
076,MXL14216PP
076,MXL14217X0
076,MXL14217XJ
076,C9RDTK1
076,2UA13408LV
076,MXL9421BZ4
076,2UA140295F
076,D0GL4H1
076,MXL02412FX
076,MXL02412G4
076,MXL2242PS4
076,MXL2242PS5
076,2UA6410JGX
077,MXL24316YD
077,MXL24316YY
077,MXL24316Z3
077,MXL243171Y
077,355767073901097
077,355767075296546
077,2UA23914HS
077,2UA23914HT
077,2UA23914HV
077,MXL14217ZK
077,2UA5361P5C
077,2UA5361P5D
077,2UA5361P5F
077,2UA5361P5G
077,2UA5361P5H
077,MXL4460XDW
077,MXL4460XGS
077,MXL4460XJ5
077,MXL4461ZJW
077,MXL4461ZK7
078,Q4Y02084
078,MXL735180W
078,MXL735180X
078,MXL735180Y
078,MXL735180Z
078,MXL7351810
078,MXL7351811
078,MXL7351812
078,MXL7351813
078,MXL7351814
078,MXL7351815
078,MXL7351816
078,MXL7351817
078,MXL7351818
078,MXL7351819
078,MXL73519J8
078,MXL73519J9
078,MXL73519JB
078,MXL73519JC
078,MXL6521V3Q
078,MXL6520SKW
078,MXL652159S
078,MXL65215C6
078,MXL6521QG2
078,MXL6521VHJ
078,MXL6521VHY
078,MXL6521BY2
078,MXL6521V4Z
078,MXL6521V52
078,MXL6521V54
078,MXL6521V56
078,MXL6521V5F
078,MXL6521V5T
078,MXL6521V6H
078,MXL94102NG
078,MXL94102XM
078,MXL94102Z4
078,MXL9421BXF
078,4JPC461
078,1V17JNY7R4R1
078,3CKAU01840
078,2UA24216YW
078,MXL24316VH
078,MXL24316VP
078,MXL24316WN
078,MXL24316WV
078,MXL24316X7
078,MXL24316X9
078,MXL24316XR
078,MXL24316XT
078,MXL24316Y3
078,MXL24316Y6
078,MXL24316YV
078,MXL24316Z2
078,MXL24316ZK
078,MXL24316ZZ
078,MXL2431703
078,MXL2431704
078,MXL243170K
078,MXL243170Q
078,MXL243170V
078,MXL2431713
078,MXL243171H
078,MXL243171J
078,MXL243171Q
078,MXL243171W
078,MXL2431720
078,MXL2431724
078,MXL243172B
078,MXL1421809
078,MXL1340Y6B
078,MXL1340Y6F
078,MXL1340Y6J
078,MXL8390YRG
078,MXL8390YT9
078,MXL8390YTM
078,MXL8390YYV
078,MXL8390Z3Q
078,MXL8390Z3T
078,MXL8390Z64
078,48DSTV1
078,8JCP8V1
078,MXL2381DD2
078,MXL2381DD3
078,MXL2381DD4
078,MXL2381DD5
078,MXL2381DD6
078,MXL2381DD7
078,2ITSA89357
078,355766073176593
078,355767075104500
078,355767075278080
078,HLDM7V1
078,MXL0401KBF
078,MXL0401KBS
078,MXL2242PSV
078,MXL02412FT
078,MXL2242PS0
078,MXL2242PS3
078,MXL2242PSJ
078,MXL2242PSS
078,MXL2242PRZ
078,MXL2242PSK
078,MXL2242PSM
078,MXL2242PS9
078,MXL2242PSW
078,MXL2242PSX
078,MXL2242PST
078,MXL2242PSC
078,MXL2242PSG
078,MXL2242PSD
078,2UA4421T74
078,2UA4421YGW
078,2UA4421YH7
078,2UA4421YHC
078,2UA4421YHN
078,2UA44221C8
078,2UA44222SZ
078,2UA44222TT
079,024873472853
079,024944572853
079,025056372853
079,025112372853
079,025807672853
079,MXL3431BXJ
079,MXL3431BXL
079,MXL3431BXM
079,MXL3431BXQ
079,MXL3431BXT
079,MXL3431BXV
079,MXL3431BXW
079,MXL3431BXY
079,6X27TB1
079,7FKYA50075
079,GH00GD1
079,MXL9411SRP
079,MXL9411SSJ
079,MXL9421B9D
079,MXL9421B9H
079,MXL9421B9L
079,MXL9421B9P
079,MXL9421BB9
079,MXL9421BBW
079,MXL9421BC6
079,MXL9421BCV
079,MXL9421BCZ
079,MXL9421BZ3
079,MXL2431714
079,MXL14217YL
079,MXL14217ZF
079,MXL142181P
079,MXL1340Y90
079,MXL8390YYZ
079,MXL8390Z5H
079,MXL8390Z6D
079,MXL0412PYM
079,2UA6373MYV
079,2UA6373MZ9
079,2UA6373MZB
079,2UA6373MZJ
079,2UA6373MZL
079,2UA6373MZN
079,2UA6373MZS
079,2UA6373MZT
079,2UA6373MZW
079,2UA6373N02
079,2UA6373N08
079,2UA6373N0B
079,2UA6373N0C
079,2UA6373N0F
079,2UA6373N0G
080,MXL5062PY8
080,HS2F6V1
080,HS2G6V1
080,HS2J6V1
080,HS2L6V1
080,HS356V1
080,MXL2311M17
080,MXL2311M1M
080,MXL2311M22
080,355767073807898
080,355767074354825
080,355767074588919
080,355767074649927
080,355767074909081
080,355767075045364
080,355767075059936
080,355767075103874
080,355767075106356
080,355767075236492
080,355767075262878
080,S2UA434P2HJ
080,2UA71814YL
080,2UA73006TF
080,1LYRLS1
080,1M5MLS1
080,1M7QLS1
080,1NNPLS1
080,1NPLLS1
080,1NPRLS1
080,1NQLLS1
080,1NQPLS1
080,1NQRLS1
080,1NRPLS1
080,1NSLLS1
080,1NTPLS1
080,1NVLLS1
080,1NVMLS1
080,1NXKLS1
080,1NXLLS1
080,1NXMLS1
080,1NXNLS1
080,1P0MLS1
080,1P0PLS1
080,1P4QLS1
080,1P5MLS1
080,1P6RLS1
080,1P7RLS1
080,1PBMLS1
080,1PFMLS1
080,1PFNLS1
080,1PHMLS1
080,1PJMLS1
080,1PKQLS1
080,D26DLS1
080,D27DLS1
080,D27FLS1
080,D27JLS1
080,D28DLS1
080,D28HLS1
080,D28JLS1
080,D2BDLS1
080,D2BGLS1
080,D2BHLS1
080,D2CCLS1
080,D2CDLS1
080,D2CKLS1
080,D2GCLS1
080,D2GGLS1
080,D2HCLS1
080,H2HHLS1
080,H2JCLS1
080,H2JGLS1
080,H2JHLS1
080,H2KHLS1
080,H2KJLS1
080,H2LGLS1
080,H2LHLS1
080,H2LJLS1
080,H2MGLS1
080,H2MHLS1
080,H2NCLS1
080,H2NGLS1
080,H2PCLS1
080,H2PGLS1
080,H2QCLS1
080,H2QGLS1
080,H2RCLS1
080,H2RGLS1
080,H2SCLS1
080,H2TGLS1
080,H2VDLS1
080,H2VJLS1
080,H2WHLS1
080,H2WJLS1
080,H2XJLS1
080,H2YFLS1
080,H2YJLS1
080,H2ZJLS1
080,H30KLS1
080,H31KLS1
080,H35DLS1
080,H35GLS1
080,H35JLS1
080,H35KLS1
080,H49JLS1
080,H4BGLS1
080,H4BJLS1
080,H4BKLS1
080,H4CKLS1
080,H4DFLS1
080,H4DJLS1
080,H4FFLS1
080,H4JCLS1
080,H4KDLS1
080,H4KFLS1
080,H4KHLS1
080,H4LFLS1
080,H4MFLS1
080,H4MHLS1
080,H4MJLS1
080,H4NDLS1
080,H4NJLS1
080,2UA140295D
080,2UA140295G
080,2UA140295J
080,2UA140295K
080,2UA140295L
080,2UA140295M
080,2UA140295N
080,2UA140295Q
080,2UA140295R
080,2UA140295S
080,2UA140295V
080,2UA140295Y
080,2UA1402968
080,2UA140296F
080,2UA140296J
080,2UA140296L
080,1S7360AS6MJA0395
080,MXL5062PY1
080,MXL5062PY2
080,MXL5062PY5
080,MXL5062PY6
080,MXL5062PYC
080,MXL5062PYD
080,MXL5062PYM
080,MXL5062PYN
080,MXL5062PYQ
080,MXL5062PZ6
080,MXL5062PZ7
080,MXL5062PZ8
080,MXL5062PZ9
080,MXL5062PZB
080,MXL5062PZC
080,MXL5062PZS
080,MXL5062PZV
080,MXL5062Q04
080,MXL5070Q0R
080,MXL5070Q0S
080,MXL5070Q0W
080,MXL5070Q0X
080,MXL5070Q13
080,MXL5070Q15
080,MXL5070Q17
080,MXL5070Q18
080,MXL5070Q1D
080,MXL5070Q1F
080,MXL5070Q1H
080,MXL5070Q1J
080,35DGLH1
080,GQ7GLH1
080,HKPRQH1
080,MXL5110V5H
080,MXL5110V5J
080,MXL5110V5K
080,MXL5110V5L
080,MXL5110V5M
080,MXL5110V5N
080,MXL5110V5P
080,MXL5110V5Q
080,MXL5110V5R
080,MXL5110V5S
080,MXL5110V5T
080,MXL5110V5V
080,MXL5110V5W
080,MXL5110V5X
080,MXL5110V5Y
080,MXL5110V5Z
080,MXL5110V60
080,MXL5110V61
080,MXL5110V62
080,MXL5110V63
080,MXL93700BX
080,MXL02412G
080,8NX9GX1
080,8NX8GX1
080,8P0BGX1
080,8NN9GX1
080,Q5301153
080,Q5301551
080,Q5301552
080,8NP9GX1
080,F1ZQMM1
080,22PL3F1
080,8N79GX1
080,92R8GX1
080,8MP8GX1
080,8N4CGX1
080,92MBGX1
080,92V9GX1
080,Q4Y02048
080,MXL2242PSP
080,8N7CGX1
080,8N6CGX1
080,92M8GX1
080,8MMBGX1
080,92X9GX1
080,92Z8GX1
080,92TBGX1
080,8NL8GX1
080,358568072630233
080,359155071190697
080,MXL5062PZT
080,2UA4421T63
080,2UA4421T66
080,2UA4421T6C
080,2UA4421T6D
080,2UA4421T6K
080,2UA4421T6M
080,2UA4421T6Y
081,MXL4461ZLQ
081,MXL304043H
081,MXL4460XFF
081,MXL4460XG1
081,MXL4460XG6
081,MXL4460XHK
081,MXL4460XHM
081,MXL4461ZJF
081,MXL652159Y
081,2UA4421T7B
081,2UA4421T7R
081,2UA2440G7X
081,MXL14216RF
081,MXL14217Y7
081,MXL14217Y9
081,MXL1421824
081,MXL8390Z0X
081,95TV0R1
081,95VJ0R1
081,2UA1330VC2
081,2UA1330VC3
081,2UA1330VC4
081,2UA1330VC5
081,2UA1330VC6
081,2UA1330VC7
081,2UA1330VC8
081,2UA1330VC9
081,355429071549184
081,355765074084350
081,355766073575562
081,355767074485561
081,355767074798880
081,355767074908679
081,355767074913349
081,355767075099759
081,355767075265426
081,355767075267091
081,1DGNP81
081,2UA94111JF
081,2UA0410380
081,LPLRDR3
081,MXL91912P6
081,MXL6383M65
081,MXL6383M66
081,MXL4461QSH
082,2UA6512YYT
082,2UA6512YYW
082,2UA6512YYX
082,MXL6520SKY
082,MXL6520SLM
082,MXL6451J6J
082,2UA6512YYV
082,MXL4460XDR
082,MXL4461QS9
084,2UA6391DWL
084,2UA11603SC
084,2UA11603SD
084,2UA11603SF
084,2UA1340FZ0
084,2UA1340FZ1
084,2UA1340FZ2
084,2UA1340FZ3
084,2UA1340FZ4
084,2UA1340FZ5
084,MXL9411SR7
084,MXL24316Z6
084,MXL2431711
084,MXL243171F
084,MXL14217XF
084,MXL14217Y8
084,MXL14217Z5
084,MXL14217ZG
084,MXL142180B
084,MXL142181Q
084,MXL142181T
084,MXL142181V
084,MXL1421822
084,MXL1421823
084,2UA6373MZ2
085,MXL9411SSG
085,MXL9421BY7
085,MXL9421BZ0
086,MXL14217YH
086,2UA135042P
086,MXL4460XDJ
086,MXL4460XDQ
086,MXL4460XFD
086,MXL4460XJ3
086,MXL04100YC
086,MXL0410126
086,MXL8390YVL
086,MXL8390Z1K
086,MXL8390Z3N
086,MXL04100Z8
086,2UA6373MZG
087,MXL4460XFT
087,MXL24316VG
087,MXL24316ZF
087,MXL14217YM
087,MXL9411BT1
098,MXL2412VR9
098,MXL2412VS6
098,MXL2422PDW
098,MXL9421B9R
098,MXL9421BB5
098,MXL041010F
098,MXL04100ZK
098,MXL04100Z3
098,MXL9421BBB
098,0024966658
098,MXL04100ZG
098,MXL04100ZN
098,MXL2431719
098,MXL0402G0C
098,9MDS341
098,6WRNR41
098,LPLRFX3
098,MXL243171C
101,MXL4460XDL
101,MXL4460XDN
101,MXL4460XFJ
101,MXL4460XJG
101,MXL94102Y8
101,MXL941030G
101,2UA2440G7S
101,2UA2440G9B
101,2UA2440G9W
101,2UA2440G9Y
101,2UA2440GCH
101,MXL243170S
101,MXL14216MF
101,MXL14216MZ
101,MXL14216NB
101,MXL14216NT
101,MXL14216Q0
101,MXL14216R3
101,MXL14216RQ
101,MXL14216RX
101,MXL14216RZ
101,MXL14216S6
101,MXL03309BS
101,MXL94218ZK
101,MXL94218ZN
101,MXL94218ZP
101,MXL94218ZS
101,MXL94218ZV
101,MXL9421900
101,MXL9421902
101,MXL9421903
101,MXL9421905
101,MXL942196V
101,MXL942196X
101,MXL942196Z
101,MXL9421973
101,MXL9421975
101,MXL8390YXG
101,D9H68P1
101,D9H78P1
101,MXL0421BBP
101,2UA33010SQ
101,2UA3410L39
101,2UA34117P1
101,G1GDBY1
101,MXL4460XJJ
101,MXL4461ZLG
102,MXL94102N9
102,MXL94102Y0
102,MXL9421BXG
102,MXL9421BXN
102,MXL2431702
102,MXL04100YR
102,MXL14216M9
102,MXL14216Q2
102,MXL142180D
102,MXL04100WS
102,MXL9411BT3
102,MXL94102N6
102,MXL9421BYB
102,MXL9421C00
102,MXL04100WN
103,2309-400489
103,2309-400505
103,2309-400515
103,2309-400528
103,MXL24316W0
103,MXL24316ZS
103,MXL24316ZV
103,MXL14216M6
103,MXL14216P5
103,MXL14216P8
103,MXL14216QF
103,MXL14216Q3
103,MXL14216R5
103,MXL8390Z03
103,MXL8390Z4K
103,MXL8390Z5M
103,5BCXPD1
103,CR9VRD1
103,2310-401246
103,MXL8390Z69
103,MXL4461QSP
104,MXL6521BXC
104,MXL6521BZY
104,MXL0402G1V
104,MXL0402G2F
104,MXL0402G2J
104,MXL04100X4
104,MXL04100XY
104,MXL04100YG
104,MXL14216PB
104,MXL14216Q7
104,MXL14216RS
104,MXL14217X6
104,MXL14217YX
104,MXL14217Z3
104,MXL8390Z41
104,MXL2430M6W
104,HH2B441
104,2UA6410JH6
104,MXL42919PF
104,MXL42919PH
104,MXL42919PK
104,MXL42919PL
104,MXL42919PM
104,MXL42919PN
104,DLDFV01
104,MXL8381Q03
104,MXL8381Q04
110,7KKSB02337
110,2HKSB07217
110,2GKSB02960
110,3EKYA22247
110,2UA45023TP
114,MXL6521VD1
114,MXL6521VDQ
114,MXL6521VFL
114,MXL6521VG7
114,MXL6521VGH
114,MXL6521VHD
114,MXL6521BZG
114,2601-546611
114,2601-546612
114,MXL14216S8
114,9KKSA27214
114,9KKSA27176
114,9KKSA27181
114,MXL04100ZD
114,MXL14216RB
114,2UA9450NPJ
114,MXL04100YY
114,MXL041012G
114,MXL4461QS8
114,MXL830054D
116,MXL94102WV
116,MXL9410315
116,MXL9411BT2
116,MXL4461ZK3
116,MXL7400QHF
116,MXL9411BTB
116,2UA44222T7
116,MXL04100WT
116,MXL04100ZV
116,MXL94102QW
116,MXL9421B8Y
116,MXL7400QHK
116,MXL04100Y4
116,MXL9421B8X
116,MXL04100XQ
116,MXL941030J
116,MXL9411SS5
116,MXL9421B9C
116,MXL9421BBS
116,MXL8390YTG
116,MXL04100Z2
116,MXL94102NL
116,MXL9421B9G
122,MXL6521Q8L
122,MXL65215D3
122,MXL6521Q8D
122,MXL6521Q8G
122,MXL6521Q8T
122,MXL6521Q8Y
122,MXL6521Q93
122,MXL6521QCJ
122,MXL6521VJP
122,MXL6521BXQ
122,MXL2412VRY
122,MXL2412VSQ
122,G894L81
122,0037251404
122,0037251433
122,0037251436
122,0037251437
199A,8D102F1
199A,MXL14217YT
199A,MXL142181M
199A,MXL142181F
199A,MXL14217Y2
199A,MXL14217X9
199A,MXL142180S
199A,MXL1421826
199A,MXL142181B
199A,MXL142181H
199A,MXL2341MYV
199A,MXL2341MYW
199A,MXL14217Y5
199A,MXL14217Y6
199A,MXL14217ZR
199A,MXL14217ZW
199A,MXL1421810
199A,MXL1421817
199A,MXL14217XZ
199A,MXL142180C
199A,MXL142180T
199A,MXL142180X
199A,MXL142181G
199A,MXL14217Z9
199A,MXL6521Q8M
199A,MXL6521Q91
199A,MXL6521Q9B
199A,MXL6521Q9D
199A,MXL6521Q9X
199A,MXL6521QCD
199A,MXL6521VD0
199A,MXL6521VGM
199A,MXL6521VGN
199A,MXL6521VGQ
199A,MXL6521VH3
199A,MXL6521VH8
199A,MXL6521VJV
199A,MXL6521BZ2
199A,MXL6521BZ8
199A,MXL6521BZC
199A,MXL6521BZW
199A,MXL8390Z26
199A,355767075061619
199A,355767075086921
199A,355767075227004
199A,355767075265830
199A,MXL14217YR
199A,MXL1421804
199A,4KTYA44073
199A,4KTYA44079
199A,4KTYA44087
199A,4KTYA44090
199A,4KTYA44095
199A,4KTYA44105
199A,4KTYA44109
199A,4KTYA44118
199A,4KTYA44122
199A,4KTYA44124
199A,4KTYA44125
199A,4KTYA44135
199A,4KTYA44142
199A,4KTYA44151
199A,4KTYA44160
199A,4KTYA44173
199A,4KTYA44175
199A,4KTYA44191
199A,4KTYA44206
199A,4KTYA44223
199A,4KTYA44244
199A,4LKYA05312
199A,4LKYA05313
199A,4LKYA05314
199A,4LKYA05315
199A,4LKYA05316
199A,4LKYA05321
199A,4LKYA05331
199A,4LKYA05333
199A,4LKYA05335
199A,4LKYA05339
199A,4LKYA05340
199A,4LKYA05341
199A,4LKYA05344
199A,4LKYA05345
199A,4LKYA05353
199A,4LKYA05354
199A,4LKYA05356
199A,4LKYA05357
199A,4LKYA05358
199A,4LKYA05364
199A,4LKYA05393
199A,4LKYA05395
199A,4LKYA09104
199A,MXL4461QSF
199A,2UA4421T7M
199A,2UA4421YG5
199A,2UA4421YGK
199A,2UA4421YHJ
199A,4KTYA44092
199A,4KTYA44152
199A,4KTYA44180
199A,4KTYA44181
199A,4LKYA05856
199A,4LKYA05881
200,012560773153
200,037897172953
200,063020372753
200,2UA6502K5D
200,2UA6502K5DW
200,2UA6502K5F
200,2UA6502K5G
200,2UA6502K5H
200,2UA6502K5J
200,2UA6502K5K
200,2UA6502K5L
200,2UA6502K5M
200,2UA6502K5N
200,2UA6502K5P
200,2UA6502K5Q
200,2UA6502K5R
200,2UA6502K5S
200,2UA6502K5T
200,2UA6502K5V
200,2UA6502K5X
200,2UA6502K5Y
200,2UA6502K5Z
200,2UA6502K60
200,2UA6502K61
200,MJTEYXF
200,2UA528326R
200,2UA528326S
200,2UA528326W
200,2UA5283271
200,2UA528327Z
200,MXL5171GPX
200,MXL5171GPY
200,MXL5171GPZ
200,MXL7400SXF
200,MJRENVH
200,2UA528327N
200,2UA528326P
200,2UA5283279
200,2UA528327B
200,2UA528327D
200,2UA528327F
200,2UA528327H
200,2UA528327L
200,2UA528327M
200,2UA5283289
200,2UA528328B
200,2UA7190BPZ
200,2UA7190C1M
200,MXL0250FLZ
200,2UA94405JS
200,2UA528327X
200,MJTENVE
200,2UA528327J
200,2UA5283280
200,MJTENTT
200,MXL5310NBJ
200,2UA5283270
200,MXL4161NXV
200,MJRENXZ
200,MJRENXD
200,2UA5283286
200,MXL5171GQ1
200,2UA528326Y
200,2UA5283277
200,2UA5283278
200,2UA528327G
200,MJTEYVV
200,MXL72100FL
200,MJTEPRK
200,MJTENTZ
200,MJRENRR
200,MJRENXM
200,2UA528326Z
200,MJTENTW
200,2UA528327P
200,2UA5283283
200,MXL5310NBM
200,MXL4130Z4T
200,MJRENYA
200,MJTEPYH
200,2UA528327Y
200,MJTENTY
200,2UA528327Q
200,2UA528327V
200,2UA5283287
200,MXL5171GQ2
200,2UA5283276
200,2UA5283288
200,MXL5171GQ3
200,MXL5171GQ4
200,2UA528327W
200,MXL0250FMC
200,2UA528327R
200,2UA5283274
200,2UA528327S
200,MXL5171GQ5
200,MXL5171GQ6
200,MXL5171GQ9
200,MJTENVD
200,MJTENVG
200,MJTENYH
200,MJTENYT
200,MJTEYVB
200,2UA528327K
200,2UA528327T
200,2UA5283282
200,MXL5171GQ0
200,MXL5171GQB
200,MXL5171GQC
200,MJTENTR
200,MJTENZE
200,MJTEPDT
200,MJTEPYK
200,MJTERDC
200,MJTEYVH
200,MJTEZAE
200,MJTEZAF
200,MXL0250FMB
200,MJRENXK
200,MXL4161NXW
200,MXL4161NXX
200,MXL5310NB9
200,MXL5310NBB
200,MXL5310NBC
200,MXL5310NBD
200,MXL5310NBF
200,MXL5310NBG
200,MXL5310NBH
200,MXL5310NBK
200,MXL5310NBL
200,MXL5310NBN
200,MXL5310NBP
200,MXL5310NBQ
200,MXL5310NBR
200,MXL5310NBS
200,MXL5310NBT
200,MXL5310NBV
200,MXL5310NBW
200,MXL5310NBX
200,MXL7072B56
200,MXL7072B57
200,MXL7072B58
200,MXL7072B59
200,MXL7072B5B
200,MXL7072B5C
200,MXL7072B5D
200,MXL7072B5F
200,MXL4130Z4W
200,2UA5283275
200,28QSTK1
200,MXL4161NXZ
200,MJRENYG
200,MJRENXA
200,MJRENXW
200,GZYST91
200,MXL5171GQ8
200,MJRENWM
200,MXL4161NXY
200,MXL5171GQ7
200,MJTENTV
200,3KKYB57972
200,3KKYB58023
200,3KKYB58173
200,2UA528327C
200,MJTEYVA
200,MJTEYVK
200,3KKYB57960
200,3KKYB57961
200,3KKYB57979
200,3KKYB57990
200,3KKYB58012
200,2UA5283281
200,MJTEYVL
200,2UA528326V
200,3KKYB58043
200,2UA5283285
200,2UA5283284
200,2UA528326T
200,MJTENVK
200,MJTEPBZ
200,MXL4130Z4R
200,MJRENRV
200,2UA528326X
200,2UA5283273
200,2UA5283272
200,2UA528326Q
200A,RH804B0494
200A,RH804B0502
200A,RH804B0535
200A,RH804B0551
200A,RH804B0560
200A,RH804B0573
200A,RH803F1411
200A,RH803V1189
200A,RH803V1226
200A,RF439V0938
200A,2UA14200TJ
200A,2505-483124
200A,2505-483125
200A,2701-610550
200A,2701-610551
200A,2701-610552
200A,2701-610553
200A,2701-610554
200A,2701-610555
200A,2701-610556
200A,2701-610557
200A,2701-610558
200A,2701-610559
200A,2701-610560
200A,2701-610561
200A,2701-610562
200A,2701-610563
200A,2701-610564
200A,2701-610565
200A,2701-610566
200A,2701-610567
200A,2701-610568
200A,2701-611304
200A,2609-588077
200A,2609-588187
200A,2609-588188
200A,2609-588189
200A,2609-588190
200A,2609-588191
200A,2609-588192
200A,2609-588193
200A,2609-588194
201,MXL6513B3N
201,MXL6513B46
201,MXL6520SKX
201,MXL652159Z
201,MXL6521QCQ
201,MXL6521QDD
201,MXL6521QFS
201,MXL142180H
201,355432071735258
201,355767075293113
201,73J0FH1
201,7R4FC21
201,MXL4461ZLZ
203,MXL1210VJT
203,2TK7410G21
203,2TK7410G22
203,2TK74203NN
203,2TK74203NP
203,2TK74203NQ
203,2TK74203NT
203,2TK74203NV
203,2TK74203P3
203,2TK74203P8
220,Q4Y02002
220,Q4Y02007
220,Q4Y02031
220,Q4Y02033
220,Q4Y02051
220,Q4Y02064
220,Q4Y02069
220,2UA6373M20
220,2UA6373M2H
220,2UA6373N21
220,2UA6373NZ5
220,RH903S0489
220,RH903S0499
220,MXL4460XDY
220,MXL4460XFQ
220,MXL4460XSV
220,MXL6521V3S
220,MXL6521V3V
220,MXL6521V4P
220,MXL6513B2R
220,MXL6513B2S
220,MXL6513B2V
220,MXL6513B2W
220,MXL6513B2X
220,MXL6513B2Y
220,MXL6513B2Z
220,MXL6513B30
220,MXL6513B31
220,MXL6513B32
220,MXL6513B33
220,MXL6513B34
220,MXL6513B35
220,MXL6513B36
220,MXL6513B3C
220,MXL6513B3D
220,MXL6513B3F
220,MXL6513B3H
220,MXL6513B3K
220,MXL6513B3L
220,MXL6513B3S
220,MXL6513B3T
220,MXL6513B3W
220,MXL6513B3X
220,MXL6513B41
220,MXL6513B42
220,MXL6513B43
220,MXL6513B49
220,MXL6513B4B
220,MXL6513B4F
220,MXL6513B4G
220,MXL6513B4K
220,MXL6513B4L
220,MXL6513B4M
220,MXL6513B4P
220,MXL6513B4S
220,MXL6513B4T
220,MXL6513B4W
220,MXL6513B4Y
220,MXL6513B51
220,MXL6513B52
220,MXL6513B53
220,MXL6513B54
220,MXL6513B55
220,MXL6513B58
220,MXL6513B59
220,MXL6513B5C
220,MXL6513B5F
220,MXL6513B5G
220,MXL6513B5H
220,MXL6513B5J
220,MXL6513B5K
220,MXL6513B5L
220,MXL6513B5M
220,MXL6513B5P
220,MXL6513B5Q
220,MXL6513B5R
220,MXL6513B5S
220,MXL6513B5T
220,MXL6513B5V
220,MXL6513B5W
220,MXL6513B5X
220,MXL6513B5Y
220,MXL6520SK9
220,MXL6520SKC
220,MXL6520SKD
220,MXL6520SKF
220,MXL6520SKG
220,MXL6520SKK
220,MXL6520SKM
220,MXL6520SKN
220,MXL6520SKP
220,MXL6520SKQ
220,MXL6520SKS
220,MXL6520SKT
220,MXL6520SKV
220,MXL6520SL1
220,MXL6520SL2
220,MXL6520SL3
220,MXL6520SL4
220,MXL6520SLC
220,MXL6520SLD
220,MXL6520SLF
220,MXL6520SLG
220,MXL6521593
220,MXL6521595
220,MXL6521596
220,MXL6521597
220,MXL6521598
220,MXL6521599
220,MXL652159B
220,MXL652159C
220,MXL652159D
220,MXL652159F
220,MXL652159G
220,MXL652159H
220,MXL652159J
220,MXL652159K
220,MXL652159L
220,MXL652159N
220,MXL652159V
220,MXL652159W
220,MXL652159X
220,MXL65215B2
220,MXL65215B3
220,MXL65215B5
220,MXL65215B7
220,MXL65215B8
220,MXL65215BB
220,MXL65215BC
220,MXL65215BF
220,MXL65215BG
220,MXL65215BH
220,MXL65215BL
220,MXL65215BM
220,MXL65215BP
220,MXL65215BQ
220,MXL65215BR
220,MXL65215BS
220,MXL65215BT
220,MXL65215BZ
220,MXL65215C1
220,MXL65215C2
220,MXL65215C3
220,MXL65215C4
220,MXL65215C5
220,MXL65215C7
220,MXL65215C8
220,MXL65215C9
220,MXL65215CC
220,MXL65215CD
220,MXL65215CG
220,MXL65215CH
220,MXL65215CK
220,MXL65215CL
220,MXL65215CM
220,MXL65215CN
220,MXL65215CP
220,MXL65215CR
220,MXL65215CS
220,MXL65215CT
220,MXL65215CV
220,MXL65215CW
220,MXL65215CX
220,MXL65215CY
220,MXL65215D0
220,MXL65215D1
220,MXL65215D2
220,MXL65215D4
220,MXL65215D5
220,MXL65215D6
220,MXL65215D8
220,MXL6521Q8H
220,MXL6521Q8L
220,MXL6521Q8P
220,MXL6521Q8R
220,MXL6521Q8V
220,MXL6521Q94
220,MXL6521Q97
220,MXL6521Q9C
220,MXL6521Q9G
220,MXL6521Q9M
220,MXL6521Q9N
220,MXL6521Q9P
220,MXL6521Q9T
220,MXL6521QB5
220,MXL6521QB6
220,MXL6521QB7
220,MXL6521QBB
220,MXL6521QBD
220,MXL6521QBF
220,MXL6521QBH
220,MXL6521QBN
220,MXL6521QBQ
220,MXL6521QBV
220,MXL6521QBY
220,MXL6521QC0
220,MXL6521QC1
220,MXL6521QC2
220,MXL6521QC5
220,MXL6521QC8
220,MXL6521QCB
220,MXL6521QCF
220,MXL6521QCG
220,MXL6521QCK
220,MXL6521QCN
220,MXL6521QCP
220,MXL6521QCR
220,MXL6521QCT
220,MXL6521QCV
220,MXL6521QCZ
220,MXL6521QD1
220,MXL6521QD6
220,MXL6521QD7
220,MXL6521QD9
220,MXL6521QDF
220,MXL6521QDG
220,MXL6521QDH
220,MXL6521QDM
220,MXL6521QDN
220,MXL6521QDQ
220,MXL6521QDR
220,MXL6521QDS
220,MXL6521QDV
220,MXL6521QDW
220,MXL6521QDX
220,MXL6521QDY
220,MXL6521QDZ
220,MXL6521QF0
220,MXL6521QF1
220,MXL6521QF2
220,MXL6521QF4
220,MXL6521QF5
220,MXL6521QF6
220,MXL6521QF7
220,MXL6521QFB
220,MXL6521QFG
220,MXL6521QFH
220,MXL6521QFL
220,MXL6521QFN
220,MXL6521QFP
220,MXL6521QFQ
220,MXL6521QFR
220,MXL6521QFT
220,MXL6521QFV
220,MXL6521QFW
220,MXL6521QFX
220,MXL6521QFZ
220,MXL6521QG0
220,MXL6521QG3
220,MXL6521QG4
220,MXL6521QG6
220,MXL6521QG7
220,MXL6521QG8
220,MXL6521QG9
220,MXL6521QGB
220,MXL6521QGC
220,MXL6521QGD
220,MXL6521QGG
220,MXL6521QGH
220,MXL6521QGJ
220,MXL6521QGK
220,MXL6521QGL
220,MXL6521QGM
220,MXL6521QGN
220,MXL6521QGP
220,MXL6521QGQ
220,MXL6521V3T
220,MXL6521V3W
220,MXL6521V4D
220,MXL6521V4J
220,MXL6521V59X
220,MXL6521VCV
220,MXL6521VCY
220,MXL6521VD2
220,MXL6521VD6
220,MXL6521VD9
220,MXL6521VDB
220,MXL6521VDC
220,MXL6521VDD
220,MXL6521VDJ
220,MXL6521VDN
220,MXL6521VDP
220,MXL6521VDS
220,MXL6521VDV
220,MXL6521VDX
220,MXL6521VF1
220,MXL6521VF3
220,MXL6521VF6
220,MXL6521VFH
220,MXL6521VFN
220,MXL6521VFR
220,MXL6521VFX
220,MXL6521VFZ
220,MXL6521VG2
220,MXL6521VG4
220,MXL6521VG6
220,MXL6521VG8
220,MXL6521VGD
220,MXL6521VGP
220,MXL6521VGW
220,MXL6521VGZ
220,MXL6521VH2
220,MXL6521VH5
220,MXL6521VH9
220,MXL6521VHB
220,MXL6521VHF
220,MXL6521VHG
220,MXL6521VHN
220,MXL6521VHT
220,MXL6521VHX
220,MXL6521VJ0
220,MXL6521VJ4
220,MXL6521VJ5
220,MXL6521VJ6
220,MXL6521VJG
220,MXL6521VJN
220,MXL6521VJR
220,MXL6521VJS
220,MXL6521BWY
220,MXL6521BX2
220,MXL6521BX4
220,MXL6521BX5
220,MXL6521BX6
220,MXL6521BX7
220,MXL6521BXG
220,MXL6521BXH
220,MXL6521BXJ
220,MXL6521BXL
220,MXL6521BXN
220,MXL6521BXV
220,MXL6521BXX
220,MXL6521BXZ
220,MXL6521BY1
220,MXL6521BY4
220,MXL6521BY6
220,MXL6521BY7
220,MXL6521BYB
220,MXL6521BYF
220,MXL6521BYG
220,MXL6521BYH
220,MXL6521BYK
220,MXL6521BYM
220,MXL6521BYN
220,MXL6521BYQ
220,MXL6521BYR
220,MXL6521BYT
220,MXL6521BYY
220,MXL6521BYZ
220,MXL6521BZ6
220,MXL6521BZH
220,MXL6521BZK
220,MXL6521BZL
220,MXL6521BZM
220,MXL6521BZN
220,MXL6521BZP
220,MXL6521BZV
220,MXL6521BZZ
220,MXL6521V47
220,MXL6521V48
220,MXL6521V4V
220,MXL6521V4W
220,MXL6521V50
220,MXL6521V5P
220,MXL6521V5Q
220,MXL6521V5Z
220,MXL6521V63
220,MXL6521V66
220,MXL6521V68
220,MXL6521V6K
220,MXL6521V6N
220,MXL6521V6P
220,MXL6521V6S
220,MXL6521V6T
220,MXL6521VV5V
220,2406-428887
220,2UA4421YH3
220,2UA44220P5
220,2UA44222TL
220,MXL64115YJ
220,2UA4421T6R
220,2UA44220PB
220,187LVD2
220,2P7LVD2
220,2V7LVD2
220,3B8LVD2
220,5N7LVD2
220,659LVD2
220,65BLVD2
220,6JBLVD2
220,769LVD2
220,78BLVD2
220,7L5LVD2
220,829LVD2
220,H5BLVD2
220,JJ7LVD2
220,JN7LVD2
220,351504053264061
220,2UA24126YX
220,2UA24216YV
220,MXL24316Y5
220,MXL0402G0D
220,MXL04100WW
220,MXL04100Z0
220,MXL04100ZR
220,MXL041011P
220,MXL041012N
220,MXL2412VSH
220,MXL2412VSL
220,MXL2412VSN
220,MXL2412VSP
220,1SYK2H1
220,353311070633445
220,355426072347790
220,355432072286699
220,355767074873550
220,355767074882387
220,355767075061809
220,355767075075890
220,355767075125646
220,355767075168109
220,355767075258801
220,355767075270517
220,355767075277710
220,355767075283726
220,38564073099205
220,HVC598CDBX0084V
220,MXL04100XM
220,2US42910BW
220,2W05TD2
220,2W11TD2
220,2W16TD2
220,2W54TD2
220,2W70TD2
220,2W73TD2
220,2W75TD2
220,2W86TD2
220,2W92TD2
220,2W94TD2
220,2W9ZSD2
220,2WB2TD2
220,2WB4TD2
220,2WB6TD2
220,2WC1TD2
220,2WCOTD2
220,2WDOTD2
220,2WF1TD2
220,2WF5TD2
220,2WG7TD2
220,2WHZSD2
220,2WJ0TD2
220,2WJ3TD2
220,2WJ6TD2
220,2WJYSD2
220,2WJZSD2
220,2WK5TD2
220,2WK7TD2
220,2WKZSD2
220,2WL4TD2
220,2WL6TD2
220,2WM6TD2
220,2WM7TD2
220,2WN0TD2
220,2WN2TD2
220,2WN4TD2
220,2WN7TD2
220,2WP0TD2
220,2WP4TD2
220,2WQ0TD2
220,2WQ1TD2
220,2WQ2TD2
220,2WQ6TD2
220,2WTZSD2
220,2WV2TD2
220,2WW2TD2
220,2WW6TD2
220,6J2TSD2
220,6J2VSD2
220,MXL3381TG0
220,2UA64932P8
220,2UA64932P9
220,MXL7042C3N
220,MXL7042C3P
220,2UA53327J6
220,2UA53327J7
220,2UA53327J8
220,2UA53327J9
220,MXL4460XGV
220,MXL4460XJT
220,MXL4461ZKH
220,MXL4461ZKQ
220,MXL4461ZWK
220,2UA4421YH1
220,2UA4421YH9
220,2UA44220NS
220,2UA44222TF
220,2UA6162DB6
220,2UA6162DB7
221,MXL6521Q8C
221,MXL6521Q8Z
221,MXL6521QB9
221,MXL6521VD5
221,MXL6521VF9
221,MXL6521VGF
221,MXL94102YR
221,MXL8390YX2
221,MXL8390Z1Q
221,MXL8390Z4G
221,MXL8390Z6R
221,MXL83912M6
221,MXL83912M7
221,MXL83912MG
221,MXL83912MP
221,MXL83912MS
221,MXL83912MT
221,MXL2500K02
221,MXL2500K04
221,MXL2500K05
221,MXL2500K08
222,MXL1402J9M
222,MXL1402J9Q
222,MXL1402J9W
222,MXL1402J9X
222,MXL1402JB0
222,MXL1402JB2
222,MXL1402JB3
222,MXL1402JB4
222,MXL1402JB6
222,MXL1402JB8
222,MXL1402JBB
222,MXL1402JBD
222,MXL1402JBJ
222,MXL1402JBK
222,MXL1402JBN
222,MXL1402JBR
222,MXL1402JBX
222,MXL1402JBY
222,MXL1402JC0
222,MXL1402JC2
222,MXL1402JC3
222,MXL1402JC5
222,MXL1402JC6
222,MXL1402JC7
222,MXL1402JCB
222,MXL1402JCD
222,2UA1411WS9
222,2UA1411WSB
222,2UA1411WSC
222,2UA1411WSD
222,2UA1411WSF
222,2UA1411WSG
222,2UA1411WSJ
222,2UA1411WSL
222,5KG6LN1
222,MXL2500K03
222,MXL2500K06
222,MXL2500K07
222,MXL1461HW9
222,MXL1461HWB
222,MXL1461HWC
222,MXL4461ZKB
222,MXL4461ZKC
222,2UA4421T69
222,2UA4421T6Q
222,2UA4421T7T
300,GCSR0L1
300,HCSR0L1
300,MXL0241LBX
300,MXL0241LBZ
300,MXL0241LC2
300,MXL0241LC4
300,MXL0241LC5
300,4KKYA01210
300,4KKYA01253
300,4KKYA01259
300,4KKYA01285
300,4KKYA01291
300,4KKYA01307
300,4KKYA01324
300,4KKYA01357
300,4KKYA01358
300,4KKYA01373
300,4KKYA01378
300,4KKYA01384
300,4KKYA01416
300,4KKYA01457
300,4KKYA01461
300,4KKYA01542
300,4LKYA03985
300,4LKYA03999
300,4LKYA04095
300,31TYA31447
300,31TYA31714
300,1IKSC80782
300,1IKSC80785
300,1IKSC81182
300,1IKSC81320
300,1IKSC81322
300,1IKSC81342
300,1IKSC81345
300,1IKSC81348
300,1IKSC81352
300,1IKSC81362
300,1IKSC81398
300,1IKSC81454
300,1IKSC81514
300,1IKSC81517
300,1IKSC81543
300,1IKSC81599
300,1IKSC81642
300,1IKSC81643
300,1IKSC81682
300,1IKSC81687
300,1IKSC81690
300,357966048620273
300,359684048853830
300,2UA1330VDW
300,2UA1330VDY
300,2UA1330VDZ
300,2UA1330VF0
300,2UA1330VF1
300,2UA1330VF3
300,2UA1330VF4
300,355766073498609
300,355767074686812
300,355767075278221
300,MXL4401HJ8
300,MXL4401HJ9
300,MXL4401HJB
300,MXL4401HJC
300,MXL4401HJD
300,2UA9400CX8
300,2UA9400CX9
300,2UA9400CXF
300,2UA9400CXG
300,2UA9400CXH
300,2UA9400CXJ
300,2UA9400CXK
300,2UA9400CXL
300,2UA9400CXM
300,2UA9400CXP
300,MXL1381W5Z
300,MXL1381W60
300,MXL1381W61
300,MXL1381W62
300,MXL1381W66
300,MXL1381W67
300,MXL1381W68
300,MXL1381W69
300,MXL1381W6B
300,MXL1381W6D
300,MXL1381W6F
300,MXL1381W6G
300,MXL1381W6H
300,MXL1381W6J
300,MXL1381W6K
300,MXL1381W6L
300,MXL4380Z6C
300,MXL4380Z6D
300,MXL4380Z6F
300,MXL4380Z6G
300,MXL4380Z6H
300,MXL4380Z6J
300,MXL4380Z6K
300,MXL4380Z6L
300,MXL4380Z6M
300,MXL4380Z6N
300,MXL4380Z6P
300,MXL4380Z6Q
300,MXL4380Z6R
300,MXL4380Z6S
300,MXL4380Z6T
300,MXL4380Z6V
300,MXL4380Z6W
300,MXL4380Z6X
300,MXL4380Z6Y
300,MXL4380Z6Z
300,MXL4380Z70
300,MXL5162JDG
300,MXL5162JDH
300,MXL5162JDJ
300,MXL5162JDK
300,MXL5162JDL
300,MXL5162JDM
300,MXL5162JDN
300,MXL5162JDP
300,MXL5162JDQ
300,MXL5162JDR
999,1CWMVD1
999,2CWMVD1
999,3CWMVD1
999,D3XAU1BGXSC42
999,MXL0410110
999,MXL94102YM
999,MXL9421BC8
999,MXL04100YL
999,MXL2412VSJ
999,MXL4461ZLF
999,7FKYA52468R
999,7FKYA5335R
999,7FKYA53439R
999,D71XND1
999,F71XND1
999,24XT2D1
999,MXL9421BYV
999,MXL2431726
999,MXL94102NW
999,MXL94102P5
999,MXL94102W5
999,2UA3410L37
999,2UA2440G7T
999,MXL041011D
999,MXL041011H
999,MXL14216R6
999,MXL941030P
999,9ITSA78003
999,MXL0402G0K
999,MXL94102WD
999,MXL9421B98
999,MXL9411SQP
999,MXL9421BY9
999,MXL23014TC
999,2UA2440G7G
999,2UA2440G86
999,2UA2440G8F
999,2UA2440G8J
999,2UA2440G8X
999,2UA2440G9C
999,2UA2440GBY
999,MXL24316VY
999,MXL2431716
999,MXL7470L1J
999,D2FGLS1
999,H2JFLS1
999,H2KGLS1
999,H2LFLS1
999,MXL0402G27
999,MXL0402G2N
999,MXL0402G2Q
999,MXL0402G30
999,MXL14216MH
999,MXL14216NS
999,MXL14216PZ
999,MXL14216QZ
999,MXL14216S5
999,MXL0421BBN
999,MXL94218ZL
999,MXL94218ZZ
999,MXL9421979
999,MXL8390YX7
999,MXL94102NH
999,MXL94102NZ
999,MXL94102P1
999,MXL94102P2
999,MXL94102PH
999,MXL94102PP
999,MXL94102PT
999,MXL94102Q3
999,MXL94102Q4
999,MXL94102Q7
999,MXL94102Q8
999,MXL94102QK
999,MXL94102QP
999,MXL94102QS
999,MXL94102R0
999,MXL94102R9
999,MXL94102WT
999,MXL94102Y1
999,MXL94102YY
999,MXL94102ZK
999,MXL941030K
999,MXL9410CL9
999,MXL9411SQ6
999,MXL9411SQ7
999,MXL9411SQ9
999,MXL9411SQJ
999,MXL9411SQY
999,MXL9411SR4
999,MXL9411SS3
999,MXL9411SS6
999,MXL9411SSC
999,MXL9411ST2
999,MXL9421BBG
999,MXL9421BX7
999,MXL9421BY3
999,MXL9421BYF
999,MXL9421BYJ
999,MXL9421BZC
999,2UA6391DVC
999,2UA6391DZ4
999,654ZX51
999,G54ZX51
999,MXL1210VJQ
999,MXL1210VJV
999,MXL1210VJZ
999,3EKYA21339
999,4RS0FH1
999,B2J0FH1
999,35S3QM1
999,65S3QM1
999,J4S3QM1
999,95S3QM1
999,94S3QM1
999,1SS0FH1
999,MXL2361403
999,2UA04106MY
999,2UA04106MZ
999,MXL0380MM3
999,2UA2440G80
999,2UA2440G8G
999,2UA2440G97
999,2UA2440G9M
999,2UA2440GB2
999,2UA2440GCJ
999,2UA2440GCK
999,MXL24316VK
999,MXL24316WJ
999,MXL24316ZX
999,MXL243170C
999,MXL243170P
999,2UA74010GB
999,MXL7470L8V
999,MXL7470LCL
999,MXL7470LD0
999,MXL7470LDD
999,MXL7470LDT
999,2UA6410JKP
999,748PP81
999,B69PP81
999,CC1PP81
999,J2XNP81
999,JFGNP81
999,JLXNP81
999,MXL1402J9N
999,MXL1402J9Z
999,MXL1402JB9
999,MXL1402JBC
999,MXL1402JBW
999,MXL1402JC8
999,MXL1402JC9
999,MXL0402G08
999,MXL0402G09
999,MXL0402G0Q
999,MXL0402G0W
999,MXL0402G0Z
999,MXL0402G18
999,MXL0402G1Q
999,MXL0402G2M
999,MXL0402G2X
999,MXL04100X0
999,MXL04100YM
999,MXL04100ZL
999,MXL041010S
999,MXL041010W
999,MXL0410122
999,MXL0410125
999,MXL041012B
999,MXL14216N5
999,MXL14216N6
999,MXL14216NL
999,MXL14216Q6
999,MXL14216QM
999,MXL14216QX
999,MXL14216R1
999,MXL14217XN
999,MXL14217Y1
999,MXL14217ZV
999,MXL14217ZY
999,MXL1421803
999,MXL142180G
999,MXL1421827
999,MXL8430KHC
999,MXL8430KHD
999,MXL8430KHP
999,MXL8430KHV
999,MXL8430KJ1
999,MXL8430KJ4
999,MXL8430KJ6
999,MXL8390YS3
999,MXL8390YXV
999,MXL8390YYJ
999,MXL8390Z0Q
999,MXL8390Z2N
999,MXL8390Z2Q
999,MXL8390Z3B
999,MXL8390Z3M
999,MXL8390Z6Z
999,MXL9410302
999,2UA1330VCB
999,2UA94316RZ
999,2UA94316S1
999,9787EW400263
999,MXL9411SS1
999,MJKDLWX
999,LPLRDN3
999,2UA2440GCR
999,MXL0402G2V
999,5M7CTB1
999,MXL8410Y21
999,MXL9421B9W
999,MXL93900CY
999,9SLJPQ1
999,2UA2440G85
999,2UA2440G8C
999,2UA2440G8N
999,2UA2440G8Q
999,2UA2440G8S
999,2UA2440GBC
999,2UA2440GBH
999,2UA74010GC
999,2UA74010GD
999,2UA74010GJ
999,2UA74010GL
999,C59PP81
999,MXL0402G00
999,MXL0402G1G
999,MXL04100VT
999,MXL04100WR
999,MXL0410112
999,MXL041011Q
999,MXL9140CL8
999,2UA94405J3
999,CJ70WK1
999,93N5441
999,C3N5441
999,G3N5441
999,71KSA77555
999,71KSA77557
999,71KSA77596
999,71KSA77598
999,71KSA77687
999,71KSA77739
999,71KSA77759
999,71KSA77767
999,7FKYA53355
999,MXL840167B
999,MXL84308BG
999,MXL84308BJ
999,MXL84308BK
999,MXL8450CCW
999,LPLRCN9
999,LPLRDA1
999,LPLRDK3
999,LPLRDZ2
999,LPLRNP4
999,MXL93810PN
999,MXL93810PQ
999,MXL93810PR
999,356201042276265
999,MXL14217ZN
999,MXL04100XD
999,MXL0410114
999,MXL14216SC
999,2UA1411WSH
999,6KFL081
999,7QS0FH1
999,82J0FH1
999,33J0FH1
999,MXL8411B3C
999,52VLSF1
999,2UA6391DYP
999,MXL4370L06
999,11VLSF1
999,1M7CTB1
999,2M7CTB1
999,3M7CTB1
999,6M7CTB1
999,BM7CTB1
999,CL7CTB1
999,JM7CTB1
999,MXL24317LG
999,MXL24317LJ
999,MXL24317LK
999,MXL24317LL
999,LPLRDD6
999,MXL9421BZ1
999,MXL9421BYR
999,MXL9421BZW
999,MXL9421BZJ
999,MXL9421BXR
999,MXL9421BYY
999,MXL9421BC1
999,MXL9421BZK
999,MXL9421BX9
999,MXL9421BZV
999,MXL9421B94
999,MXL9050KMS
999,MXL9050KMV
999,MXL9050KMW
999,MXL9050KMY
999,MXL9050KMZ
999,MXL9050KN0
999,MXL9050KN1
999,MXL9050KN5
999,MXL9050KN6
999,MXL9050KN8
999,MXL9050KNC
999,MXL9050KND
999,MXL9050KNF
999,MXL7480HPM
999,MXL7480HPX
999,MXL7480HQC
999,MXL7480HQJ
999,MXL7480HRB
999,2UA140295H
999,2UA1402964
999,2UA140296M
999,MXL9411BT7
999,MXL8390YS4
999,MXL0402G01
999,MXL0402G03
999,357966048161070
999,MXL041010M
999,20YG3H1
999,MXL14217YJ
999,MXL8390Z2J
999,MXL8390Z4D
999,MXL7470L9L
999,MXL4370KZ9
999,MXL14217YN
999,MXL14217YB
999,MXL1421811
999,91XNP81
999,MXL14216Q9
999,MXL02412FZ
999,MXL02412G0
999,MXL2242PSH
999,MXL02412G1
999,MXL24316X3
999,2UA64007VG
999,HVC598CF12003DB
999,MXL7400QNQ
999,3YPG1C1
999,2UA4421YGG
999,MXL8350M29
999,MXL8390Z38
999,MXL8390Z7R
,F4DB971
